is_new_listing,title,link,image_link,condition,price,shipping_price
false,Outdoor Holder Cycling Water Bottle Brackets Holder,https://www.ebay.com/itm/234980446233?hash=item36b5ed1019:g:8KwAAOSw6UVkQQ~w&amdata=enc%3AAQAIAAAA4NGsgZNVTFRBEJYCu8CF0bwFDLGcIbA4ZNB49gXKPam4wYff0LsBWdwz6eJBm3axddIxnY%2B89WZPqWq5xbw6et3OZlorJWxCSeyMyU3ADNYXyzMR2nV9yPzKIU5%2FQmwHoFhLBttXbbnYQqen7aN6kSk0tYvPe3dIMlsYRkuc%2FbqIeGXnFE8UdzAfSJoWSTUQ5W5TvCf2uIQ4yzqoxh5p7QTvrexW2sAQKnHQYJxgzyh%2Bx3EPZPooZiwr%2BttAGOGJZDONaH4362Rhg%2Fqr5zDKkJqMtDJI0FIGIeaKG2XD06BY%7Ctkp%3ABk9SR57c_s37YQ,https://i.ebayimg.com/thumbs/images/g/8KwAAOSw6UVkQQ~w/s-l225.jpg,Brand New,6.46,Null,
false,"Fidlock TWIST Deluxe Water Bottle Cage Set, 590ml, Smoke",https://www.ebay.com/itm/203966677575?hash=item2f7d5c8247:g:6MAAAOSwCcVijn4~&amdata=enc%3AAQAIAAAAwGGupkumj%2FOYd2qzu8Ow04%2FhBK5rj9%2FVc4KOlRxzrGLcRLp8Ucx4%2F4Ae%2FSb%2FMCg4HuJ4N2ZQDv14U2PXIVAFmo9IwRkCzjmkgz%2BBdAC%2FPJ8%2B7AdDlhWuS54r3sLslDozaevpvt%2Bi9wkGOQaOCTlzPu2azz0eXhS4%2FcCWq72%2FL0Eli%2FgseGZJ8ka4meJGbP%2B2UAvwS3HniDllMrPECxUwYndTe1b2c4GIWIcAvyihNuzdmOYYFux4OAL6cRijm0a1WA%3D%3D%7Ctkp%3ABk9SR6ah_s37YQ,https://i.ebayimg.com/thumbs/images/g/6MAAAOSwCcVijn4~/s-l225.jpg,Brand New,42.95,17.53
false,NEW LULULEMON Sports Water Bottle Squeezable cheetah print black/pink,https://www.ebay.com/itm/166047438434?hash=item26a932d662:g:VTYAAOSwlklkRHR-&amdata=enc%3AAQAIAAAAwC4ENrVJmmHuORBBhv9%2B2OWNV7rPwwrVtv6J%2B0QMIVE3ErXu6mBLll4YpMlD5ppNdhjhwnsUgoMCTSy2ItsuVVhF%2By5sAZHG82y0IUDt4UviPM7OnCX5%2BCh7gPq9sJNmrFJac1q5Imh4XXKl5%2BMC5tisn6HbOlt6jg%2BnuiV2sqhTlU%2FJzD%2FDd8DuyX9eIH8yXGYh%2BlKNxSuNK%2FV9V1HoCkdFUXMNbb4fChL4DcckQln6bAQ9JS8jtKSxDXRYRmmNJA%3D%3D%7Ctkp%3ABk9SR7zEgM77YQ,https://i.ebayimg.com/thumbs/images/g/VTYAAOSwlklkRHR-/s-l225.jpg,Brand New,18,30.79
false,550Ml Sport Water Bottle Cover Neoprene Insulated Sleeve Bag Case Pouch Gift,https://www.ebay.com/itm/373234239398?hash=item56e67e87a6:g:HW8AAOSwTKJZeo2t&amdata=enc%3AAQAIAAAAwLibDqj1%2BG50%2B%2FsZ0h2FRCkJtYfkL03bNvY2KyQMf5yQGf3QIO96P2b%2FOtQmgwIrAwCt%2FbOmjgpf8Ik%2F4LEn8SZryB9fdOvTVw0VxZ%2BJEERQ50F3O9HTTxmXm6iHCozyND58KjedI7ZZo%2FCY8vt5%2BU4PaYdIbNcUt6pm2qvPkAsR4kBdz4HqmQvXwKiGpd%2B6NZs3%2FBArFjXT1kxjrnIikup5dqS0uuN3BwwEEIRsLdlZAqN1c8K0mGcjjsiCsmgfHw%3D%3D%7Ctkp%3ABk9SR6Lc_s37YQ,https://i.ebayimg.com/thumbs/images/g/HW8AAOSwTKJZeo2t/s-l225.jpg,Brand New,3.03,0.49
false,Outdoor Tactical Molle Water Bottle Bag Military Hiking Belt Holder Kettle Pouch,https://www.ebay.com/itm/385101514583?hash=item59a9d6c757:g:3T4AAOSwSl9jFsfB&amdata=enc%3AAQAIAAAAwAHkAWRb0BCut58SRbUgKzfUCTeLrqCsxKwvNleSxOId4LAWQvsurSQtWs1b5UC7nMoC8uPVkZBlpY9MXu2C0QjabuZhJpAC4uz9pyYFYjO4QvmFQ5XF7PaBjPCDMYoxmkUkCxlE7EwvL%2Fm0Dd3hTBYj9rN5HazBgRQX%2B8UC9K%2Fgd2jhWfarjRQmjhAhMYUptZ06zpV7lKY%2FNDe2b77RcP1jzEFQl6J3j69MZtnPr9zYm1%2FYkYy6rCb1S6U0j4StGw%3D%3D%7Ctkp%3ABk9SR8KV_837YQ,https://i.ebayimg.com/thumbs/images/g/3T4AAOSwSl9jFsfB/s-l225.jpg,Brand New,9.88,24.21
true,800ML Gradient Bear Shaped Water Bottle Cute Sports Kid BottS0 School Cup Q8G4,https://www.ebay.com/itm/234995789265?hash=item36b6d72dd1:g:jtwAAOSwefhkKWau&amdata=enc%3AAQAIAAAA4Aums%2FJ%2BOgxBHEvP4VHErU90aoresdOIbSuDqBuwdJMGEhPyPcT8G0NcDsLe69CtP6%2Bf0kDqA4pdmr3H25pk56px0UqeEdH%2FQLj9ClOrxR9oFn%2Bjm%2FBm5J9K1HtZzUhforett3P0thw%2F3fy5YevcX9Sk1n7DSaUbq2EKczyOefCqHensu86247qDk9UoqrYpjFGmmJClwt77ebDwciE16u5EiVaBAzyP13SLhDMn27ZdwXMIh8nvHF6E2LmtcGgcjy%2Fhi3cR%2Bm1m5N20TGu840qprEBUJWIC7eaA6KPWRDCS%7Ctkp%3ABk9SR7rEgM77YQ,https://i.ebayimg.com/thumbs/images/g/jtwAAOSwefhkKWau/s-l225.jpg,Brand New,10.97,Null,
false,4pcs M5*15MM Aluminum Alloy Bike Water Bottle Cage Bolt Holder Socket Stem Screw,https://www.ebay.com/itm/254719735745?hash=item3b4e7ab7c1:g:ncYAAOSwlsNfYOV~&amdata=enc%3AAQAIAAAA4O5XOqWHpxMf5czdkqRhUSmyaBhgG%2BOjtMDBFpGo1CJ0Devx9pIgiMJJSYyvOYE3N8woOh34biQsTiGtZ%2F4JaUZdZvzQFKmYv1hv4h4fWk%2BRlRVxy9lexxatmeq1YvGHkpPmFZvkAl%2BBtS8LfMDcToa6EHs1ihxTYH%2FDeojLFUCdGwW3ySezUO9zEJGbKjEBHr9P4epSMzGY0MEWibwCotRYTwcRvJ%2FNWX5YXQis3ULa1qf3a75a5r%2BdG1W8e2%2BR4EWvITrKbIdabICLAXbrIUgAzk61fSxYG5XUjF48fGXh%7Ctkp%3ABk9SR6Lc_s37YQ,https://i.ebayimg.com/thumbs/images/g/ncYAAOSwlsNfYOV~/s-l225.jpg,Brand New,4.2,Null,
false,Celsius Series Insulated Digital Thermos | Stainless Steel Water Bottle,https://www.ebay.com/itm/185769473580?hash=item2b40b9362c:g:h-MAAOSw1p5j5COc&amdata=enc%3AAQAIAAAA4AdSCUBaT1lF7ihehPLBf1XswWjVmhlmy8U6lF%2FACzirzx%2BpDf0NgdTfwVxktfvawUQ5p5nZ5EfLhPDcuXvyuVIBWdf1hAgQn5PJLqL4gApfqk5wjRSFfpp9Moz6s0qLFNuOFhoq2J33SJ76rC%2B5f4vohXJpM568DF0Z8uS4qekADpqh7rxF%2F7YG5XT%2FVt3KXHlEQPHJSqsZ5iTwbeuJRKWIbiFkXGiCoL9LfHjhksRrZ1ks20UXLEQUTnHCykWw5m6n0SnCTelW31nSJeVOVp9dQbbFLYwawP%2F9c96Yd81J%7Ctkp%3ABk9SR9qTgM77YQ,https://i.ebayimg.com/thumbs/images/g/h-MAAOSw1p5j5COc/s-l225.jpg,Brand New,15,13
false,ROCKBROS Bicycle Water Bottle 750ML MTB Road Bike Portable Kettle PP5 Drinkware,https://www.ebay.com/itm/285155118818?hash=item426491cee2:g:0C4AAOSwVWJj9MPT&amdata=enc%3AAQAIAAAA4JzeafxKmxID5ZayEnqfLtHS2k7BSF7UeuKscirsz%2F8uRkgvz4mbrjzibm0UPdb9jBMVM76T7Jb7pKhC68Htcyx4MR6QczJHfbryVLkUHBmoTYls%2F6L2qXX0ZxK7tzxeALfQqfMfY4Ky%2F%2FojxMXeR042Tu0QeFrzCGaq6ed1N7jro47oVDhp0tubVAzpZFjVAx%2FJa%2F6efzxQmYsFmlXISTsZBTOZfCoS5nVfYSZcAlmwuKflfa9QWLrkVFi9mhwD%2BQkmsOWGlFOme1zqiCHl40IpUW9l%2BXtCeEtLkPo%2FtH1i%7Ctkp%3ABk9SR7rEgM77YQ,https://i.ebayimg.com/thumbs/images/g/0C4AAOSwVWJj9MPT/s-l225.jpg,Brand New,11.89,Null,
false,Tactical Hanging Bottle Buckle Clip Carabiner for Belt Water Bottle Hook Holder,https://www.ebay.com/itm/374292916744?hash=item572598aa08:g:qYYAAOSwgb9jPkWy&amdata=enc%3AAQAIAAAAwA2i1y1%2F%2BX9a0ivYjSrJxe2eI39kAbt0jv56MpDSIYLlG7FoWouJ%2BW%2FuMe9%2B8paUuCIcsFIeA4r%2B6gX5aANXj469%2FOgUd4ntUTTKQEKGjDQ7Kz3dEfWYgz%2F27iBx7GRssP5U4wG%2BbYeVCF%2BCgtW5NEXKFNCjbhCBCqJgAvTOun9DU8U8d6bGEceoCfKnDJuI0g%2By3MXfvDIShkw5DbZ0wBwLBlvaMcpSsalpEuEnLiF8qWXMN2Km5WawdN4ezkC%2B8w%3D%3D%7Ctkp%3ABk9SR8SV_837YQ,https://i.ebayimg.com/thumbs/images/g/qYYAAOSwgb9jPkWy/s-l225.jpg,Brand New,9.99,17.99
false,"Polar Bottle Water Bottle Sport Thermal Foil Insulated - BPA-Free, 24 oz. USA",https://www.ebay.com/itm/225140665271?hash=item346b6debb7:g:NJEAAOSwMFJjBnG9&amdata=enc%3AAQAIAAAAwPTW5%2BeIrH7mdMZpsL3tCdz%2FT8c8qihtEkFucpiY9HswKfSmItcz73CDeCfKnEcHFspD0GHrKFXc6lpmBwxKAG9h8S3WgBRdEmFluUEUf72bjH9orwcDqrh0Z0knWmgaVkyfvqCEqBQ11jpxQwR5yvgdDOjPG8bkE0m5zrl14aGTtY7YsaNvzY6a9SI7IsgC50TtUup1N7JjyeYioitomgJhSKcbLpzL232IfvLf5qVjs8%2B0Jlvc58eOz4HYhqRNww%3D%3D%7Ctkp%3ABk9SR7jEgM77YQ,https://i.ebayimg.com/thumbs/images/g/NJEAAOSwMFJjBnG9/s-l225.jpg,Pre-Owned,9.99,58.99
false,Water Bottle Sleeve Neoprene Bottle Cooler Cover Holder Strap for Walking,https://www.ebay.com/itm/304872128170?hash=item46fbcb7eaa:g:oesAAOSwcQNkKkFl&amdata=enc%3AAQAIAAAA4Kz9yHDTHTpG0aJs08T1cqpLMDT8NYUiHcGr5xu9bEAk1lYZ%2B6uH1xpE%2F6EErOTKH4khC50X9Bipx8%2FEQNxQPwZRXCxENJ9bJiVdyLN6cWhIMKWh%2Fn6iNxPhbbPW2W55YComQbnTryBQRchPkEaZ7oKZPhb5W3OO8p860d5f4wsQ7UTDfZfy1XY5MhX12D3gFK3hnV4Md6n5mTwgb0Wqxl4iGgYakXcHzqATYEsTMKZXm2eR8JuDLXRaMjGryluGFeLBqkIoqYHeahcEKneZNq30ZkaqQ%2ByjoeFgdkGH%2F63a%7Ctkp%3ABk9SR8aV_837YQ,https://i.ebayimg.com/thumbs/images/g/oesAAOSwcQNkKkFl/s-l225.jpg,Brand New,6.69,Null,
true,Hiking Camping Water Bottle Holder Belt Carrier Pouch Bag Nylon},https://www.ebay.com/itm/195741276504?hash=item2d9316d958:g:JiEAAOSwrbRkK9Mq&amdata=enc%3AAQAIAAAAwDwsBgD1orXhYeB4GnqC%2FPWO%2BK9KdIp1RLAe8wbobAexvtt5pFjnU1rPvfqPRIlaUAAlMc%2FRUg18gZlicigShpLMNHe4cfVHcmua5YWphoZpLwiYHGYyWcBCeKgXXUFPVXF1QP0PhB4mtZ7eJygoeMbPLooezPq5jDQ42rHuYGvXdPvZsO9rYnfthy%2BiCZS1HT6Ed%2FN%2F95exiH4f%2BX6sDrfOgNwmTaQ%2BBrH%2FDDXKmqv4DnIfG9zPQftfI%2F37Kv44NQ%3D%3D%7Ctkp%3ABk9SR9iTgM77YQ,https://i.ebayimg.com/thumbs/images/g/JiEAAOSwrbRkK9Mq/s-l225.jpg,Brand New,5.25,Null,
false,Outdoor Tactical Molle Water Bottle Bag Military Hiking Belt Holder Kettle Pouch,https://www.ebay.com/itm/175103556976?hash=item28c4fc3d70:g:Cu4AAOSwj4Fh2~p4&amdata=enc%3AAQAIAAAAwGKW1xjOU2i7AjsyEKhlqn%2FSlLWzToAar7HXWKAIKuuaqsf8v%2FAe67KDg9R9dTHtppuOZe3uc0C7R%2Fol8%2F42s5DOHZU6Rmo%2BceWj1lvQ%2BlSK60Su7qhllvp8Y5mq4CESVVhGjIaGq0zVo2g9IlVATg1udPKXEQw1xZPy%2FFBHylU5wuN9gPW9jLU9YlvtZCEQqFs7OtBkagQbF2AobKxX1Lslo3B0OiRrXjs5WHZc68D2FYonk%2BIwKIvsqCr52gkwyg%3D%3D%7Ctkp%3ABk9SR8CV_837YQ,https://i.ebayimg.com/thumbs/images/g/Cu4AAOSwj4Fh2~p4/s-l225.jpg,Brand New,9.99,24.22
false,Saddle Rail Water Bottle Cage Mount / Behind Saddle Bottle Holder / Bicycle Tri,https://www.ebay.com/itm/283810856944?hash=item421471fff0:g:07MAAOSwBetdwJYV&amdata=enc%3AAQAIAAAA4ETN4SdrorTQXHcRzUkmvg1aeXrWakkzEm3x88HzXle9pcN7Wi87wCH2j2BypPZ55FHhj2UFJuf1Ok7NNa9bH9VSwk3qRUHLydwFseCquLdVMno3xmJCgn4U7Zbqs24iz2iDMeZEfk00YEUXzrHK37hpg%2B87TkedLScMkVzVz%2FtdcK2qP%2BX58Ig69kXHr7Qq%2FYw%2BczhGoBRAFfS9%2FaxjgucMDj16OjKiptS36y5hPkcLtc%2FI9aVcSqSK9FryrUfdG%2Bjpx6Qp2Po%2BkHam0nS%2FKf5SoOI87tNpywGKWdl7Xe7u%7Ctkp%3ABk9SR6qh_s37YQ,https://i.ebayimg.com/thumbs/images/g/07MAAOSwBetdwJYV/s-l225.jpg,Brand New,17.5,24.33
false,Water Bottle Holder Mesh Sleeve Adjustable Shoulder Strap Water Bottle Bag Gifts,https://www.ebay.com/itm/115560335813?hash=item1ae7eec9c5:g:3QsAAOSw1yNjI8~t&amdata=enc%3AAQAIAAAAwHKuxl%2FxW1HDHRRrp4z2M4UQk1l4c1%2BDKV7Rv3BDs5MBEfJCPp0vpnyhOQJeHZzVqJcCV%2Bj7M%2FtvK%2FqLhoVngSXRnfqPYA23tY79gvfP40EjDTzn4wKBaqvq5KHi5LaqeJlm1uMy4J0bP1hQ6SRNL0Diu9hJyKw0KUudqm%2FpJlJnZ0aLexOKlEOWC0TB7OOKOWvrpnBLaPEgCpuv2kQDKe7KyF9vWWgtkRhU41P1GxytNceFRAgTrRECw23gPRj8HQ%3D%3D%7Ctkp%3ABk9SR6Lc_s37YQ,https://i.ebayimg.com/thumbs/images/g/3QsAAOSw1yNjI8~t/s-l225.jpg,Brand New,7.8,Null,
false,"ELITE Fly Team CERVELO Water Bottle Blue , 550ml",https://www.ebay.com/itm/234206502190?hash=item3687cb9d2e:g:dEUAAOSwEkVhUXmn&amdata=enc%3AAQAIAAAA4DIdiMkWgj1luZWnRCH2oCqvQuU0jWIsu49xaSnlOtYj8CjrPOsO0PJd2TKmKhOSl1FwfnMEvVuL2YfAS2D7StpbUgqqQZ0dSfYtRGW6W19eWNZq8VL6DPhyd0scQkuwjxl4Crl8h3ad8yWjaFsSCZx3YZZ7qZLjJdJqt72HdVvWUcLHYkBgKLBQMWlwynGjq5BwK8DyIY9xSZ24b2Cv%2Boh2uI1hoayTYCx2rZMbrF9p%2FXalZztiqeCdV3BSIHX92sGuEmgPS1cte4CQw14bfkefR6UAMABMT00fX4KveXIJ%7Ctkp%3ABk9SR7rEgM77YQ,https://i.ebayimg.com/thumbs/images/g/dEUAAOSwEkVhUXmn/s-l225.jpg,Brand New,39,Null,
false,PELOTON Glass Water Bottle w/ Silicone Non-Slip Grip 16 oz Brand New Ships Today,https://www.ebay.com/itm/204164185577?hash=item2f89223de9:g:AC0AAOSwq3ljgVOP&amdata=enc%3AAQAIAAAA4GbDMe5qlwo3yc14lXoGYMJn%2FnjmUJu8pM3NOFtQ93RGcKZ7xwsvwgL2SysSmQl15LxDEhAVujiL2HNt89uG6QnB1Cz%2B9E0clmTHyeekCbiOI0mrbhlWuSG%2BM90rrR5qt%2BRXq1vlgxIRN8wInZviBnITaPWeN1wVZq0kA%2F3peP999owytvWjELaMwWcxbsWr%2F6OYvxmmu7NXdBX4%2Fh1933j6zyhlXak6fRw1YejbhrI7gHO9kur%2BaQrnbBFCPJzx7VOlj02%2FrkSu9c2mn6gcjiFCOtB4ZrXStUGF3yBG9Aa%2F%7Ctkp%3ABk9SR9iTgM77YQ,https://i.ebayimg.com/thumbs/images/g/AC0AAOSwq3ljgVOP/s-l225.jpg,Brand New,9,24.21
false,Tactical Molle Military Drawstring Kettle Bag Holder Travel Water Bottle Pouch,https://www.ebay.com/itm/403998556461?hash=item5e1030c12d:g:4D4AAOSwqAtjdH17&amdata=enc%3AAQAIAAAA4FV9kRKccIgAmJ3psyQBwOJC7lp8lBE92NLQlXqXBSHM9uuv3bEoG41VHjJEqDMco5TVCRjLtX6wag1eiQn9pQT5XW7bpfOqsy4gXpCwpCpxgjpweo2KHpwdFabh8i2R4Y6Rn7tsTjf9EISWgcvjCrDJP%2Bz%2BxCEkJSkXJhB3hje%2B1Je%2BT8Y41QiArbG4oyngZ0NyjTTz2VNQER81JtuYHq1TOBYEk5blSIaGSiuCJo%2BI4s2JUmycLa17ZrqZh8MKoEzVWRsAfYjBDBAm%2Bl02IxfYmFh1nto%2Fmb4cEeXymJsS%7Ctkp%3ABk9SR6K4_M37YQ,https://i.ebayimg.com/thumbs/images/g/4D4AAOSwqAtjdH17/s-l225.jpg,Brand New,9.89,17.02
false,DODICI UD Carbon Fiber Bottle Cage Road Bicycle Water Cup Holder MTB Cycling,https://www.ebay.com/itm/234648295434?hash=item36a220d80a:g:hdEAAOSwLyVi7IDr&amdata=enc%3AAQAIAAAA4I6BptcXhxb2TgXArfuydsLP9RxcI8uzZARfZFLEbcTnjwbhpLyJgMYM9uOVyi8%2BXofwApU0%2BwNoEZcMu7Bcxy6OZrtLEXQun0lAwDgLv%2BHEQadOpKQhGlpcJWDQwiHHgBO%2Bz5Vj7ewjp5MwbKd3TLRNTaJE9J5Kd0kKq6mGwkA%2BinjIrgnhmVc1lxxKJxdrDtpNl4vrZSqx4B7uvISlTihYaw%2FxIoqEwANUoZXyBSHpo47Vgt%2FplgE3zHrL9%2FmrkkRLMrqdqiI5ltb7eDo6GzVHtN7%2BG2XupdbJVuNujtEd%7Ctkp%3ABFBMpqH-zfth,https://i.ebayimg.com/thumbs/images/g/hdEAAOSwLyVi7IDr/s-l225.jpg,Brand New,28.5,Null,
false,Plastic Clear Leakproof Drinking Bottle Drinking Cup Sports Water Bottle,https://www.ebay.com/itm/185819912787?hash=item2b43bada53:g:MNAAAOSwgB1kFkuo&amdata=enc%3AAQAIAAAA4HmtOAap7W%2FMlBdoZSrscI1ua9wjo%2Fmm8mX2GPh8jO5cXb7DK1y4e86r5MmI1o4oqAJIbeu2teoAitWLphKJnd5bzG11xPNGKxvI4vjpSllxiEFB2UfD5I7SE5DeC7YaZ2PjFtnd%2BpXvZWqkmSsMgN9Q3GPe0JvQlJOxihEfGXYBQCc%2BtDBfKtuFKoo6K8zRD0QV3JhhODATwdkEXAkV7tz8nAKa66OyfgMMredHYEojdvliyjqcg6Kn0Tb6LtdtNs0r9cP5ZpbTWwR%2BS6OhP5crL21BcuC4vPSoXEEZJJ9O%7Ctkp%3ABk9SR7Ch_s37YQ,https://i.ebayimg.com/thumbs/images/g/MNAAAOSwgB1kFkuo/s-l225.jpg,Brand New,11.96,24.21
false,Elite Fly Cycling Water Bottle 550ml - Choice of colors,https://www.ebay.com/itm/234827356924?hash=item36accd1afc:g:WkEAAOSwTb1joQ8E&amdata=enc%3AAQAIAAAAwNQkU1ezMaNUzdYL0TmcBQu0kpt1%2BKok6vrukgX982KAVPalSD6%2FqHG%2BvW%2BkH7WKsQTofDgBtinKnP8v3r52H%2Fda6kTzcpwv12awFqolBsXh2csBMDP2TqQWbAHYtREWSmbM6MuBNKxbb6Xztg9amVXaZmo5gMim2c1UeQ7h%2BcLEqrJZ1BfLJvabZUL93CiSrkx%2BI6Tp8rECLt1KS8o8yvZRtCij6lts8qP4nDZPtCzZzZCAZ4jC7UYxsjghOWYvcQ%3D%3D%7Ctkp%3ABk9SR7jEgM77YQ,https://i.ebayimg.com/thumbs/images/g/WkEAAOSwTb1joQ8E/s-l225.jpg,Brand New,14.04,50.5
false,Water Bottle Cup Holder Mount Adjustable Clamp for Motorcycle Bicycle Handlebar ,https://www.ebay.com/itm/363454777781?hash=item549f97c9b5:g:sPcAAOSwRCBg3oPZ&amdata=enc%3AAQAIAAAAwJjI%2BSIWK31RUkJvdcfEaC2jyWu4xXaZPmXTTQmGYk81blf4emWwRkyHlFnfA2yUoQOvzM1RMQsdXZaDHYRy5KhZNNbIlkDfMb4b5hMxk2Bue0mptW5B%2F0U7StUZMPPglIFPBokr0wa7fIskMfwJnlU28WDsBCexy4ob8xl9gShhhFZ%2BfC1fhNjUb%2FUd919nz9VosQzNZbgbGcTluIzkUDI5qN2I0kXvqaxCnyOfjtazM4%2FRtQ%2F2V92ikmCL%2FraQ9g%3D%3D%7Ctkp%3ABk9SR6yh_s37YQ,https://i.ebayimg.com/thumbs/images/g/sPcAAOSwRCBg3oPZ/s-l225.jpg,Brand New,14.3,Null,
false,"Soma Further 36oz Auto Valve Large Cycling Water Bottle, Clear/Black",https://www.ebay.com/itm/373388783529?hash=item56efb4afa9:g:40gAAOSwGQ1geH9o&amdata=enc%3AAQAIAAAAwIUhjHEBPZhDt3aod11mfLt1VS1bXsIj99YqypuBU3ABAWA4Gsebct1S%2FYbNw8lkMPl0KrMDgpQmF3tbp0z4alYhmhM5T18VMBjk%2F19Y8J7ItT%2BeVeS%2BYdYc1FEW8u298dZ1otpo2QTpt5vC3fkoDH9QisRbnJ81F7udf4HFM%2BC2%2BsfxI4sxz445ttd%2BkXatsU2Upj3w5SKyOmhI3ofReHALifYVqTiXpgdleor42ezBSrzhAkdcJGYdsomTjqCSSA%3D%3D%7Ctkp%3ABk9SR7bEgM77YQ,https://i.ebayimg.com/thumbs/images/g/40gAAOSwGQ1geH9o/s-l225.jpg,Brand New,15.82,24.31
false,Tactical Hanging Bottle Buckle Clip Carabiner for Belt Water Bottle Hook Holder,https://www.ebay.com/itm/374292916744?hash=item572598aa08:g:qYYAAOSwgb9jPkWy&amdata=enc%3AAQAIAAAAwA2i1y1%2F%2BX9a0ivYjSrJxe2eI39kAbt0jv56MpDSIYLlG7FoWouJ%2BW%2FuMe9%2B8paUuDL85gyhkRqMtPbgoVHpFUWjHve91q3gjyaZNdjYrJQhpNg%2F44mj2cJjIHI%2B3Tx%2FMK%2FAEVylMTc%2FyYJYfzsCEq9fMFfp6gDGC98zCTx2ExUeiZii9CME%2FZAbWWKiVapPd0iQpElEK3S9aSx5nHfgpzMY%2FkDzYDD2h%2FX4QeUGoQxa9i3kJlZWkC5TS8hamdSSoA%3D%3D%7Ctkp%3ABk9SR-bX_837YQ,https://i.ebayimg.com/thumbs/images/g/qYYAAOSwgb9jPkWy/s-l225.jpg,Brand New,9.99,17.96
false,Bicycle Water Bottle Cage Drink Cup Holder Aluminium Rack MTB Road Bike Parts,https://www.ebay.com/itm/334458149816?hash=item4ddf425bb8:g:D6cAAOSwX1lilHIN&amdata=enc%3AAQAIAAAA4NYX49LtXzPcEJm9wen1KrpoHpa9RveVpaLXWDoyr4wFRjfN%2BvzCXfGRhxISi8swyieYFtHJIAaegrVB6TJjfWlcQaggGZBTHhmu69KqaJ2M%2BpH5RTkib6%2BdUGrFmhaVQzi9DWUhhJMT2rQ7WdVP%2BiJvRYXGMMOrSYQGPPDomMNYliUYY2SaXa%2FK2PnHO4wjN7270w6FMCWZus4bbftqRsv7OxigWKAOEqErkFm2TivFBlx2CbwVpyQBhR%2FIoGlb3H%2BLaJx%2BEdfBoB44jhGhrSrdzmqtdSR7Hve0rgTFy0eu%7Ctkp%3ABFBMwJX_zfth,https://i.ebayimg.com/thumbs/images/g/D6cAAOSwX1lilHIN/s-l225.jpg,Brand New,17.99,Null,
false,VOYANT BEAUTY Sports Water Bottle Cup Travel Drinking Tinted Promo Advertising,https://www.ebay.com/itm/266223727617?hash=item3dfc2bb401:g:k4IAAOSwIstkPZL3&amdata=enc%3AAQAIAAAA4FtLbsmmJVFfXqXYyOxDhDgpnwwKIChr%2BNM6acL45WID2CbAnRXbPf1qdrujDgny5fIQNsqH3640U084DJg9J5E4SvrQE%2BQu1VL1Ra8jr99J4k%2B%2FZT%2Bot54IFt5krGtpEJv3082JbeLtFWXghEi%2FsvdqcIrb6jcWRdhYDhW%2FHPFXDSY6XXjyUqMvGL06pWk0%2FuqV8o4NHljqQtZ64hP16RKq4TR8A15EsYe4z%2B7DpEdgWgHBmd6dEaWNu6yQEd5eHf0a6p%2BcyvOQxJDC7PPD0IyQM3Go6M7mnZq5YV3uWQ0W%7Ctkp%3ABk9SR9aTgM77YQ,https://i.ebayimg.com/thumbs/images/g/k4IAAOSwIstkPZL3/s-l225.jpg,Brand New,12.99,24.27
false,MEROCA Bike Water Bottle Rack Cage Cycling Bottle Holder For MTB Mountain Bike,https://www.ebay.com/itm/234039263647?hash=item367dd3c19f:g:elcAAOSw13RguYqk&amdata=enc%3AAQAIAAAA4GPqn39yFs1yiowLhwgpMdYJnDjo8xUlcQ%2B14cH8gpGNgt0G0zTWXe1HqxWHkCRAD4u60oL5fG5hV23HVRtJOAJCnzND6k58XA1zSkfOS4cj%2Bexlm382o5SI6H%2B5fl6iaAqMpW%2FIOYJnPd6h9XkGCMQGQ1uSIk%2FhHtf%2FW350u4EeGWGeBs1U6IXLubHMv3qZ65dIfeNrwGQ0sdIDliknqH32aEyP%2FqNZpNXmErtFFpYYK32HZhaDc1Ru%2F0sLgYeYFB7Ca8nNwINyp5W8sfHv2VKfmsR%2F8KG9E%2BDxpkhh6E7e%7Ctkp%3ABFBMpKH-zfth,https://i.ebayimg.com/thumbs/images/g/elcAAOSw13RguYqk/s-l225.jpg,Brand New,16.98,Null,
false,New 500ml Water Bottle Bag Sleeve Bag Insulator Neoprene Bottle Cover,https://www.ebay.com/itm/304283286755?hash=item46d8b27ce3:g:9KkAAOSwYvFZEVAN&amdata=enc%3AAQAIAAAA4DaZu%2FvPUY1%2FDm%2FgtsBphtbn901mr%2BLGEiQW3v3EQb9IwjQxCsJxu5cVMBBhzLham2AR%2B8AOo78uLD3ghD6quYElM8FQbohF0CRuUrqMQxME8LoB0x%2FUIsjh3iYLMuWHvGhf1kXPFHFf6ty4T1L960qQhSkrZmwX3oZMCILMKtWio697A8sSJG6U1ce6mZmO7oCihAFKXYfiY%2FBlIts7CplVdBv75zMxgmKYgEcmJlBTuJ1Y5kBdoNrJGRGFtthswx%2BZBOLg%2B1h9Q6xhH48cbo4i%2BCQuPGwox8sGa87OBcHq%7Ctkp%3ABk9SR7rEgM77YQ,https://i.ebayimg.com/thumbs/images/g/9KkAAOSwYvFZEVAN/s-l225.jpg,Brand New,2.25,Null,
true,Portable Aluminum Bike Water Bottle with Lid for Outdoor Sports,https://www.ebay.com/itm/404270021167?hash=item5e205efa2f:g:eu0AAOSwhYNkUD4F&amdata=enc%3AAQAIAAAAwJJ0UADZv13rDb15yk2k98%2Fnxehulux%2F%2BE%2B4gk63Ei7ostzTELclCytLj4f4pywCnXxZtgBxxzNYJWWLb7qJbGZ%2BrITHii5URhwibRmtM1Rj0czrHruQKY0pX1V6h3PirEXW3rMa9W9Sgt%2FEiYCWiJuoHE9n96WeSTtsb%2BHoW%2BTCBCVY28LpJwURAsaBEtX39wdyDTokxB9tTYtijkiBFmTWqqmhMsG%2FOxaTczj%2FozOhQIysF1YFbVKDjJDulpNxHg%3D%3D%7Ctkp%3ABk9SR6Lc_s37YQ,https://i.ebayimg.com/thumbs/images/g/eu0AAOSwhYNkUD4F/s-l225.jpg,Brand New,9.91,Null,
false,Bicycle Water Bottle Cage Holder Cycling Beverage Bracket Mount Bike Handlebar,https://www.ebay.com/itm/385507978211?hash=item59c210ebe3:g:2vQAAOSwEvxkIpd1&amdata=enc%3AAQAIAAAAwA5au44F%2F5CW4zezMQWpzfqzxZybcq5UX9vMB9o1paa%2BCg5mGVY7GXkXpYCzJA0ktrP0tvE0F2XK%2F0%2F%2FHoAyKmiB1AbhW90raOfd4A9%2F%2FxftQJwtQ%2BNprpOB0ylTKpuKIDNB7UzwqoVmXOBnzQUeBlp5fe49bm7ojBT7bBIe%2B4uC4%2B%2BTQeMS4K3v1T0j6nzCWEumpGnXPbkB3uiVF0v1FutGotZIYaToRYPa7H0AhF26x0ajkstQKPTX8TFY0rkrkA%3D%3D%7Ctkp%3ABk9SR-DX_837YQ,https://i.ebayimg.com/thumbs/images/g/2vQAAOSwEvxkIpd1/s-l225.jpg,Brand New,8.99,24.21
false,Molle Tactical Water Bottle Sleeve Pouch Kettle Holder Carrier Camping Hiking,https://www.ebay.com/itm/364199748298?hash=item54cbff22ca:g:A9YAAOSwG5hkJVu4&amdata=enc%3AAQAIAAAAwNKtKDKa0%2B9zEvRTwF2tpKE8HeBPzG2vmMj2dsE7dzwbrGr6xvSsSoC5B5s%2BTpbGiOBAuypGL7wzgqRpR5sKfUK7NPgN3y0u32%2BIy3T6H8beh81oUnP%2F83ET%2BRHn5U7fCJ6bP5ZLjT7BRQkGRQx4qxD0fjIUtqh%2BCOgveJbkjGQYq9xS2O764RxK7XpddoH80vHTYICpSdlhUlkE3q2hKmi8JugAQWLjKnFBbvtE9xV0oVDpVNfVmaUw2n26G%2FvEuQ%3D%3D%7Ctkp%3ABk9SR76V_837YQ,https://i.ebayimg.com/thumbs/images/g/A9YAAOSwG5hkJVu4/s-l225.jpg,Brand New,7.99,17.99
true,"Hiking Camping Water Bottle Holder Belt Carrier Pouch Bag Nylon,",https://www.ebay.com/itm/354756687602?hash=item52992576f2:g:JiEAAOSwrbRkK9Mq&amdata=enc%3AAQAIAAAAwGQho4YVSgWpJm5Yx3clluREK8DdEwDifprGq2SwWOLgIv1SBBakm9bf3cR1KsVxUTAQHFFuYhqR%2FpGuuBnXXOw%2BbGyCmjQmSuxmQM2xrYMxrmTxMIqpgLaab0BEHChziIqfO78gDeKqDQl5Sxa1fzkdYN3YIST0bOxzBdd9KX7QLc7Of6d2h4TtsvfTL0oWPwd81Xec7eNo0xJJrNHJVxKPUHsjiKtbdm%2BiRAir8oN4MaENqyMzuYIs1FvtP%2BZ2vA%3D%3D%7Ctkp%3ABk9SR8SV_837YQ,https://i.ebayimg.com/thumbs/images/g/JiEAAOSwrbRkK9Mq/s-l225.jpg,Brand New,5.97,Null,
false,Bike Bycicle Water Bottle Mtb Sports Drinking Kettle Outdoor Cycling W Lid Bpa,https://www.ebay.com/itm/385567494211?hash=item59c59d1043:g:pK0AAOSwcchclm8T&amdata=enc%3AAQAIAAAA4Iehh9NGZ%2FZzm%2BYky6CaR4axPHAuYMirgVdjikX5DinwNvnHoyJNoPOVfL0LHWuIf8hspBM1UIP4UEdvMJhyzordZN5qUbPdcVZi5JL7hLizb9A%2BV75RCBqY20HIZwwg6esbJwOeqsbQKNUjPd7ySEe97pJ%2FJPpqSZoCCK%2FWg9Impw37cEJRAISHZGilB2TWc7IAjtZcrsc1UQSgPv%2FHWFyC0soz5L110UaQv0Jg5zjppKa6A24OFQBpe9ePDB7f%2FU2bwM2C2HyA080kW6PyqwCOw54A8H3uwJ203BKRAnqI%7Ctkp%3ABk9SR6Dc_s37YQ,https://i.ebayimg.com/thumbs/images/g/pK0AAOSwcchclm8T/s-l225.jpg,Brand New,23.99,Null,
false,(Titanium)Aluminum Alloy Bottle Cage Conversion Mount Strong And Durable Bike,https://www.ebay.com/itm/185808850560?hash=item2b43120e80:g:~woAAOSwtAZkCxEe&amdata=enc%3AAQAIAAAA4BLxB0l%2B%2FseknOag9i6SsqstdpbUYPW0S8e2%2FUsBrR0z2ExYisJ0rYpcR%2FfIsWEU8kG4r4falmjpxXOAvUxer5ciJ2ZnMojWlaKfNH%2FPcFQx7kA7sE%2FyRJODFb4KriBe%2FJUpQS2t6vDib7XsfyTvY1xM1suptaIZto%2BEzpF4sWsiNYNeCJBXqTSzMuFcvPB5cdvDY6B02%2BQ5gRhhk1fZ5W%2Fm5px8bAhoi%2F9exF1iiRwZb%2FWwfC4gAAbHdr1ZkXb0PNFeOnMq9fwXK3eKo5C4zUk6V%2Fhj7zX9tSrCsEsPMGay%7Ctkp%3ABk9SR-jX_837YQ,https://i.ebayimg.com/thumbs/images/g/~woAAOSwtAZkCxEe/s-l225.jpg,Brand New,2.72,0.66
false,Fishot Half Gallon Insulated Water Bottle 64 oz Stainless Steel,https://www.ebay.com/itm/255882243090?hash=item3b93c52c12:g:QrkAAOSwcodjnMlj&amdata=enc%3AAQAIAAAA4I3DZ2ZZDEiVbII0N6X1CQe59F%2Fq1OlB1TSwfx99eRxKlojHZy2xxeuHk%2Fhobqsq53I0NtgxJldoGgs3rO3vgNLVYT9D50dWeEwEAxqKuAnsELc%2FsusypBFnYe2jMIkW4wFC%2BzBZaiK7gqAfxfEM8ym9r6f%2FYbPK%2Bl7sy6i%2F14TYlE5suNRdYYsNKKYK6XUAbihSsB9%2BPcYDK5YkAFnaLZqzsnMBggoF7dAnWniEpaEg%2BLcVMLtLbe%2BhMFP8sQLxpuRZF0kTlu03M5Y0%2FQ27hoLXRngwkh59K8G4VcVxmeBN%7Ctkp%3ABFBMhOr8zfth,https://i.ebayimg.com/thumbs/images/g/QrkAAOSwcodjnMlj/s-l225.jpg,New other (see details),17.64,63.12
true,Cycling Water Bottle 750ml Taste-free BPA-free Plastic Bicycle kettle{,https://www.ebay.com/itm/175710215046?hash=item28e9251b86:g:q4wAAOSwJPtkL4C6&amdata=enc%3AAQAIAAAAwHMmZms%2Bl%2BHWy4TEhtOtweLcChz2LMMcIWVxz22E59FAgUTmgqPd7NsOvjMyF0jcNb6kJt9IN0s6LG8SUg0m3P5SKDq5rzjjIxpZZ1lPeHsvpQQAf6YMCK3Q24umolzJJ0xUZxRdGkfkN8%2F2%2BafxbE%2BojWfgVXo%2B1xe%2FUjbtKvq8PWwDXQrOZZtbH8YJq%2BceT%2FBPaG%2BttBT%2FENNORhFI4Kjghk%2FTZzVh%2FRRkCUlhXjUbWZBLppYFRbPn%2BkA16KTvWQ%3D%3D%7Ctkp%3ABk9SR8aV_837YQ,https://i.ebayimg.com/thumbs/images/g/q4wAAOSwJPtkL4C6/s-l225.jpg,Brand New,6.43,Null,
false,Tactical Molle Water Bottle Pouch Travel Camping Hiking Drawstring Kettle Bag US,https://www.ebay.com/itm/364159381268?hash=item54c9972f14:g:QA0AAOSwt6tj-GH9&amdata=enc%3AAQAIAAAA4DLbH4AQcT1B3qq%2BfK7HEbn%2FAZHUIQQHweg59F7Jl7nv4k4zvJIefpF6BjNX3DJ5x9OyFlQRX09jksTDSNqcJGm63TqhR73xI0CuqC%2BLq5XK1ajjtEf32jzjywqRnemOx62GKxm3Dfy6x2K3bHUr2olEmKYfLCuH9FIC6vT3kmQoFHIjTWUBcQxJSabjcXJIfytyfA9fOfKtcJzBH3C5x3iB66HO%2Fbr5b%2BBoGXbRpnyA3PHC7CgY7SQnvu3G90W9dNL5ZnjAMe8Vc0sW6r45zR2FSl4xpk1mW%2FybHBbXqq2b%7Ctkp%3ABk9SR6Dc_s37YQ,https://i.ebayimg.com/thumbs/images/g/QA0AAOSwt6tj-GH9/s-l225.jpg,Brand New,8.89,17
false,Drawstring Water Bottle Carrier Cooler Sleeve Neoprene Pouch Holder ,https://www.ebay.com/itm/332612280754?hash=item4d713ca1b2:g:PEQAAOSwZwlcBMSb&amdata=enc%3AAQAIAAAAwEwksmwqmnk%2B662Jm6YEBE%2B2k2wweBaS%2Bl6hqNurpakumC4Ol26OZSz38x%2B%2BsXL0rTQWkPt1UeWqVEuHhuFeisCeY20AvzL7EvlkJlcMdIGho6c2ZdpFgdf88iOYaMH4iuRKAY%2FTfL42VFylUeVlcOUhjkr0l4q1H1EZJG1y9jKaCoRGEN1B3QphcWSELx2%2FRu5wsBzCAMhu%2FIq8CraLTdP%2FPF4SWrlBOECGbWe%2BEWRW9jqzG%2Fe%2B0B11AAZaj%2FlOyQ%3D%3D%7Ctkp%3ABk9SR7zEgM77YQ,https://i.ebayimg.com/thumbs/images/g/PEQAAOSwZwlcBMSb/s-l225.jpg,Brand New,8.54,Null,
false,18g Carbon Fiber Water Bottle Cage Cages Holder Stand for Road Bicycle MTB Bike,https://www.ebay.com/itm/155407981937?hash=item242f099d71:g:M5sAAOSwvVdj6wZW&amdata=enc%3AAQAIAAAA4J6yAJ5UhOTO7mzB6Z53jjq%2B7F%2FN3e0J0SzKqG%2BhjFwZndbbf0fKsTA5g3GBuZno3n0JeSZcEBGFVf8eU3rH4hkI3ATSn9IIiLO7tjoJDeyKkFbiMhbUd4bZsUh3sKYkV8JyoextlxOoZdS0gLGOvS1a%2B58XrL5wqLPht4iuZCroRAVfDxlp6DvP59VIGHdy7Kmt110r4S8pz3RLPyYJralCwp%2F6xMd4QIJEx3Tx9ZPc36kmx%2BqtOZ%2BNprV7XBdLnWXSwD%2F3IZdXjCalO6JhU6i2xK30ufdmQL2rVftcItqn%7Ctkp%3ABFBM1JOAzvth,https://i.ebayimg.com/thumbs/images/g/M5sAAOSwvVdj6wZW/s-l225.jpg,Brand New,31.19,Null,
false,Nashbar Water Bottle w/ MoFlo Lid (Pattern),https://www.ebay.com/itm/125139203177?hash=item1d22e0b469:g:scEAAOSwBPNiAvMS&amdata=enc%3AAQAIAAAAwM6h7WIuFinfj4HXb3psOQEo69njHDy4hdHtdsKVHOvfdDJK33iE5WfiqeieoKcDOvDT6RwhGAGkZDZwIbL2CmP6iCR3k91wE5KUsBBsvVbsRakTMyy5ubqs2Ktbx4l2z%2BJTzayI6MOtCr0A61b3n9K1uTx490%2Fw979NxYAcJeSIiPxD%2By0evWbLUD8PaS8GjfcX7CCoQbwPZnudw3rO%2FmvJ%2FFtWbYB3MG8oEgu9urXm6%2F05RoNwFhVGvVV1NZzNfQ%3D%3D%7Ctkp%3ABk9SR7rEgM77YQ,https://i.ebayimg.com/thumbs/images/g/scEAAOSwBPNiAvMS/s-l225.jpg,Brand New,4.93,17.53
false,Stainless Steel Water Bottle Slim - Insulated Blue BPA Free 25 OUNCE,https://www.ebay.com/itm/174811860681?hash=item28b3994ec9:g:zXEAAOSwogpg0j11&amdata=enc%3AAQAIAAAA4P%2BOonnCbCvMhxLhqlIJAaLX0DY4A21PIpSsLSutsp5VZnWDVgmk58N0%2BqeJ1%2BdPQtyANMZdcFx8bThTwxGeUp0BJ6ruq%2FQ2V9oVg9u3Wv00Ux7bIgMigOXxuY9GLvCEaWrpfYf0UecYNOS2luaCJRWT8lOMTsMYr6XeMuTQNeL47YSfu%2F5iKj0Zeuw%2BnMe79KpC4qdAygP3wPVnXMLw8FKjG4qhyIFQpA6CJX9A4iK66LBD6Npu9fOKW0VdTmRHIxaBdZmfxgGKe%2BMTTyJgnRMaA36jgdxmy2gkN%2B9hon5z%7Ctkp%3ABFBM5Nf_zfth,https://i.ebayimg.com/thumbs/images/g/zXEAAOSwogpg0j11/s-l225.jpg,Brand New,5.99,30.61
false,750ML Adjustable Shoulder Strap Neoprene Water Bottle Insulated Bags Carry Pouch,https://www.ebay.com/itm/264247093310?hash=item3d865aa83e:g:GAgAAOSww4Jcj2r~&amdata=enc%3AAQAIAAAA4EuXFt7KqFG2ord%2F%2FQRrli%2BgNOfDLQV7QPkFfuXTf3y1hYTzyaFS3BCTwXrDSGgXZ2NPaPO9DQwqmbCkKDGC%2F7SrPvbFrXh%2FnwmFminEb3JvJ6qKkhqYqv0Epfzg4OUINA6cTU72kIRiZqA9iPuL1L4nFHMNGJeSBNkSP3FU0NMBFh5YIQ4AtZZLCvRWVpBz1uRb9CCiTd6tcg318T8MhQ4V6HAd3tM%2FpHoOhIzMMXphLD6EOPmPOk5Pj%2FCZAXwmsHN9OGP1tlh7aD%2Bl5WF82sTwVttY40WhBcQpRjAlNd1Q%7Ctkp%3ABk9SR9qTgM77YQ,https://i.ebayimg.com/thumbs/images/g/GAgAAOSww4Jcj2r~/s-l225.jpg,Brand New,7.22,Null,
false,Outdoor Military Molle Water Bottle Bags for Tactical Belt Holder Kettle Pouch,https://www.ebay.com/itm/403869037104?hash=item5e08787230:g:fikAAOSwcVFiWR5s&amdata=enc%3AAQAIAAAA4IrDpeRChzz0iLlh%2BhSlqnDBjl%2BxtvhERhfx5lpLBZaaDdQjGYvTFfWmkuInJNG13M1CrACYdKTwvphJ%2FGM0kFLcCoDxDcWoaeYkaegeCHEhtwFlriJNLnl4TCt7dvtkLYzMfBujoeqQNL3LQJNAdQPkOXi5ktoNEVWF145NSAmsUf6eMi%2B5eBTSwtwKf0%2BkMmQ6DQ9FBkzGzKlC1lC7hdC4Ak8OLd3pdV4goWpZ60aZ0bTpoJB79HqLQlg4S1Y%2B5GvIQemGv8Ami0VEioN2v8savwaiSYbdh%2FguZ3icz5RL%7Ctkp%3ABk9SR6Lc_s37YQ,https://i.ebayimg.com/thumbs/images/g/fikAAOSwcVFiWR5s/s-l225.jpg,Brand New,13.99,24.28
true,Cute Water Bottle Bear Cup Kawaii Water Bottle Straw Strap Drink Tumbler],https://www.ebay.com/itm/195741551673?hash=item2d931b0c39:g:CEYAAOSwI-JkJpaU&amdata=enc%3AAQAIAAAA4DHMYURkRPYxaWSTyEItpS6%2FUMqIMvfm%2F5B7yFugjyIFaQMmFKGZUacx4KgQujRSFLcGWJzBOBFeFD1hx8glhvGnp7NMXeP4ncGaujo5x6dTBrFVE%2BBdM5VwwXsY%2B8YnuQ5PoVbiUovdVFA0eZw33s%2BpNk%2FPMJapr%2F3QvQ856rhqKlNHnYWXUx3OFTIZIS9AnXEbOMjxEdXQXb7rXCmGTbJgr2pXdAVwrDmUjt4yu3cPji1TdV9Bjuix5fm0hjUBWJd%2BS2b%2BIzUYmzy0gRVZ8Axb565HSrhPwN0zwQXd%2BOzK%7Ctkp%3ABk9SR6Lc_s37YQ,https://i.ebayimg.com/thumbs/images/g/CEYAAOSwI-JkJpaU/s-l225.jpg,Brand New,11.73,Null,
false,(2) Race-One X3 Bottle Cages (Pair) Made in Italy Real NOT FAKES- FREE SHIPPING,https://www.ebay.com/itm/285116703543?hash=item426247a337:g:npoAAOSwBsNjy4Il&amdata=enc%3AAQAIAAAAwDykcdgxDIl82v%2B9%2FH20d%2F%2BalrpVJEWaZ8BCEbPYV8WJsiGMlxdhzvaWTOMvMPzCARDo4RDhZxlNzRHi98%2BOELyUKIkbK7kX4X36MfLN5BcvukyzYboaFOaLIQ%2FlESUZbWkN8PmjhFNgMKDo%2Bu%2FO0LDi8YncJe8goMrxYS6cc6KCe3O%2BxzdNf8AeT3OMU0MxsEFMrfBRg0Av%2FNx5sDZhrxDLmAqypCx67zDXdXUq8JLJObwcvrpLWO%2F1Oo19dk6wqg%3D%3D%7Ctkp%3ABk9SR9qTgM77YQ,https://i.ebayimg.com/thumbs/images/g/npoAAOSwBsNjy4Il/s-l225.jpg,Brand New,12.69,24.26
false,2 Pack: O2Cool Water Bottle MIST 'N SIP 20oz Tie Dye/Ombre Misting/Drinking 2B,https://www.ebay.com/itm/275715416128?hash=item4031eb6040:g:pcYAAOSwPGtj~NSP&amdata=enc%3AAQAIAAAA4K1LWyWUPxlpepqpTAZy0sNQ4%2FlcQGd%2FQ4uoJyjZVBeDgWE8oOJohDoKTQ4Xt0GtVAtxb%2F5fwIsOvX7Hx7leelh5%2F3pomBU1HawUQXlRW8le%2BbcWBzH0cc84XdecXbWWeMrR4Tcr5lXEpUDp%2BjecmUWRkYItPe0CnggRkKs6g%2Bk5ExeSop3daQ1fcQNry29MfEPYVqzc2%2BWKTuLJmoQ%2F3rBMchIg3kaBckeRqVNZHTIuqyd%2BD%2BZjoxXXAEfgoS5Aug7woxxopsOSC5WIGmBOd1HYKCMKY6NZLOW7IdJd%2Fu2u%7Ctkp%3ABk9SR-jX_837YQ,https://i.ebayimg.com/thumbs/images/g/pcYAAOSwPGtj~NSP/s-l225.jpg,Brand New,19.99,24.37
false,Water Bottle Cooler Bag Carry Holder Australia Made Aboriginal Art Sea Turtles,https://www.ebay.com/itm/284467653108?hash=item423b97e9f4:g:8j8AAOSwVrlhJPno&amdata=enc%3AAQAIAAAAwBKy%2FnTqDeOR50Cp0RssTWDQn5lXpSAmeqvxTCiG3Pzh%2FD0WMOm7%2BH%2Boi2ZEdDunTRVdIqnAhij27ymosIV0oc6euaRhDvekgakMJch9iLzmNYMwkcZoJXNBa2lQ7U63Lp%2F0mfH18H0gpO%2BlF%2BFtMmRNlVhI6MEkSib1N7soOced0YtwzQ%2BjJGCMR1tNX8v1Cng5h8FDR3ufByTnGVo1D3QRGjPstDZFo2zxE6lgQxZzPBKaRyLT7g53A%2FgybW0sqQ%3D%3D%7Ctkp%3ABk9SR8KV_837YQ,https://i.ebayimg.com/thumbs/images/g/8j8AAOSwVrlhJPno/s-l225.jpg,Brand New,19.24,15.62
false,Transparent Plastic Empty Soft Drink Containers Bottles with Lids for Smoothies,https://www.ebay.com/itm/313282777374?hash=item48f11bd11e:g:vl4AAOSwFa9fn2Eo&amdata=enc%3AAQAIAAAA4BQpbK0dRYi1Yp4oPO4tNe0Svr9qHz4LLWTa1kIVUwwYRwRfL%2B5mQZHUdUj6LuRnbVPh9xqCdgSFRdm97umLr7FAUXXSApvswL%2Bv4TYg%2Fj0e6kg9TtEfhvruipe4uYr7UMwwDoDUo%2BW7bBsFEr3oARJ6eGWThG7XDZnM7tATZOtR%2Br0hEGHRBeZeqgne3b0r%2B8Q9luaNVS7G7KQxTSWesA26stt2SiuJfj3E7gME9P9aB9cD3fsF39xLlsv4qbpKwoIuRRy2AEgoDLOIVPw5KvLXj7XgldxennCJTzlTRfXv%7Ctkp%3ABk9SR-LX_837YQ,https://i.ebayimg.com/thumbs/images/g/vl4AAOSwFa9fn2Eo/s-l225.jpg,Brand New,17.83,Null,
false,Universal Black Water Drink Cup Handlebar Bottle Holder For Motorcycle Bicycle,https://www.ebay.com/itm/373648016320?hash=item56ff2843c0:g:XrgAAOSwiSlg9-z2&amdata=enc%3AAQAIAAAAwLf4XVNmmjWCCIYBbtjJyoIiIRUYM%2BnS7KM2OEWrfg6iYxSEYkPNiRynD7a0A%2Bd8PkAeawxFVOj%2BVxcvwmNiq9pXu79JMgF6gemP%2BqqK7B0FLu%2FJoqqZTQFjgleB8zdKRoS%2BcWZSgQ53Oum8WFOz%2FcpKCZKP8H%2BNL9b1Xp5l8dFJCTEST1eVca77x2ks7wX5vyQXPjLht9gXH5X37ci9CZD6cnM9e7u73%2FymZ6u7CEEyr7PqxmMmtx5RY038cJ8VdA%3D%3D%7Ctkp%3ABk9SR6Lc_s37YQ,https://i.ebayimg.com/thumbs/images/g/XrgAAOSwiSlg9-z2/s-l225.jpg,New (Other),11.96,1.99
false,The Coldest Water Bottle 32oz Insulated Stainless Steel Double Wall Rubber Grip,https://www.ebay.com/itm/173624261563?hash=item286ccffbbb:g:UkIAAOSwFvBj9nsk&amdata=enc%3AAQAIAAAA4IUp0XDVYqDzLnGKAo5nI1pk2MrK2bLRm4EW4wo5iXhF4fMFFhksjSrGpt9k5Krak4z4TlLhZXFtFj4oMF6kX%2BbpDoyzH8L9KRyghCjF9Kjn08xPAkeAQFuvNOAqqvFiyGBdIpO7EFsTpCEe3WrNWIY%2BuQvNQXBbXuEGPSiUjyZbExOX5Brn0gLvYEbLmilx3tLoN5uibUanJQhS1li0dRhyA2yHv5zd43sPaEYGvXYEldkKnBwXA9g%2FNB%2F%2FmJqP5VA1xs1cfQ4EsNcymizbYuOv5QDl2N8c9v8hBa1VHzj%2B%7Ctkp%3ABFBMpqH-zfth,https://i.ebayimg.com/thumbs/images/g/UkIAAOSwFvBj9nsk/s-l225.jpg,Brand New,35.99,24.61
true,700ml Kawaii Kids Water Bottle Plastic Lid Straw Cute Cute Cartoon Tumbler B4Y2,https://www.ebay.com/itm/234995876664?hash=item36b6d88338:g:UIgAAOSwejxkKU~K&amdata=enc%3AAQAIAAAA4PaOqnhV5Z0NZSQ5Nertot1QIFrLrux%2BsEuCk%2BJVn1bPCNloQ2MJtlFvkd%2BzywUJ4rECJmhSdBcYJU51RdhUJ3c9s1qDHFosSKwYGdCt4QANMhQCaSoEk0qOM8KbXhDYcNYDBuA%2ByNQw1EslBUWfv86GLPT5oCClQ3hfhMqPoVmCLgdyJ8DxT6tB41KDsmSNPUccwRl%2BxWH%2FX%2Fv4S1NGBO0Ym0AEPSGc325ZYIyKy4UOScuARl4ol2MSwtM20W90ZgGnJwSG4sznpR5aWMOnyRIhUr740CMs2zjke8fo8bcp%7Ctkp%3ABFBM9Kv9zfth,https://i.ebayimg.com/thumbs/images/g/UIgAAOSwejxkKU~K/s-l225.jpg,Brand New,12.65,Null,
false,1 Liter Sports Bottle W Caribeaner Style Holder Clip Exercise Cycle Drink Holder,https://www.ebay.com/itm/185521719216?hash=item2b31f4c7b0:g:Zw8AAOSwgnVi6Jqc&amdata=enc%3AAQAIAAAAwBrCdAXWvpCxoigKQV0AtRi94FqTnkK2xe9y1nv05fDlVaLvLzuDk1HfWb8Wg%2FpzkkBsBlRtY%2FKJ%2BUP0gv9CDyortNKKSZoarVgSp%2Bm5ssmgEs0tf2PD75FGWbGYTS1oOH0KKRXy8krMmecnUp%2F19gvroF2CBJdCSMc%2BIbYj11euMexuT8i0wwZmXy6iIzA%2Bb95WAqjyoiv%2FwzWauWLXEAzJcweXUGvdg3Ey5KWK0QxGWxv0yOSW7nuBnrDMpjq6Fw%3D%3D%7Ctkp%3ABk9SR7zEgM77YQ,https://i.ebayimg.com/thumbs/images/g/Zw8AAOSwgnVi6Jqc/s-l225.jpg,Brand New,8.5,24.2
false,Live Infinitely 24 oz Water Bottle with Time Marker - Insulated Measured Water,https://www.ebay.com/itm/165756559347?hash=item2697dc5ff3:g:590AAOSw-cpioVQU&amdata=enc%3AAQAIAAAA4Nr21mzlS3hVhQVy7wbTGfnN%2B7J66eKMemvej4TP87MeCeYeFL7CW5PAuZPYqc0ciqpANTNmlP6P34uPZLA8cRdTjXfc9TF%2F9apoDPNLk%2FEzjwc%2BXZsQuD4LFMnCW%2B401lHvVEltHmEN49ASdSmwducqGsCt02Crgn2Dw5VdEn%2BThklA9dxTaaSkd5XyEFkauGH3pZPjKxyFQ7Ya31A2siKBteC11Maye6l%2BqVWUFbbBGT%2BS1oNxMGgye8gYCycBBvmd8ihpdzNwjRwS752%2B11Rq%2Fz3ki6TWDA2TVzBkHVVG%7Ctkp%3ABk9SR7jEgM77YQ,https://i.ebayimg.com/thumbs/images/g/590AAOSw-cpioVQU/s-l225.jpg,Brand New,19.99,24.36
false,Lightweight Bicycle Cycling Carbon Bottle Cage MTB Bike Carbon Bottle Holder US,https://www.ebay.com/itm/404215604057?hash=item5e1d20a359:g:RQ4AAOSwrR1kHVfk&amdata=enc%3AAQAIAAAA4IjEgEU2Vebo39ApnGUXlm1UQ6sADupSm2prnltSGMDN71EbnecR7gJriXqz0bBxN6SQ%2Bt2K2bY%2BPWpB%2FSAuQwbjS3g1kraP4OO9izA7oKGQ93UR6TGLaX%2FArTPJbb5X5ahMv50EPWQubYRWVdtPqeznzTduwY4kpaQq60Bcj4JoUHLeq0eD3bQakTt9nxGNZe%2Frx0y63z1GmLxgYb%2FJnkew2%2F6lyC%2BIfqPDKI%2BwUay6HBSW7H3VddxZhlzkQCcrYzuS0aSRwJ2M4%2BnB%2BaLKdIR0QaeAI7RgVFpCih5HADfs%7Ctkp%3ABk9SR8SV_837YQ,https://i.ebayimg.com/thumbs/images/g/RQ4AAOSwrR1kHVfk/s-l225.jpg,Brand New,15.75,24.31
false,EC90 Full Carbon MTB mountain bike water Bottle Cage road bike bottle holderbar,https://www.ebay.com/itm/303136374056?hash=item469455fd28:g:B44AAOSwOyxcwtIz&amdata=enc%3AAQAIAAAA4Hpt4YQZWHWfVD5M5swbwaoo7%2FZZ84NKJSyCrv1tVjKGYzighbs0aWG%2Brc3OnxEXHtq3K5OcBJeKIXmU53aFxA6uXIqj6%2F%2BnsCYNkNrn%2BEKGA%2BIwHe2KG1tfsLaUofCHdkRzYtgx6aS%2Fpy1UuuByqa9tSb5YLwXQpAdHBPJ%2FJ03sW0cuT2SjauEE%2BIbq%2FpswfDar0GTGKiCQUF86aa6CZkVkr0WJzUKKnhuNQHALJ9LJHz5saWjY%2FnVa8naZJ%2F%2FoOLm%2FdzKO3vsj19Pig5MWiF1psw517jfDZz%2BLYBfwdX8R%7Ctkp%3ABFBMotz-zfth,https://i.ebayimg.com/thumbs/images/g/B44AAOSwOyxcwtIz/s-l225.jpg,Brand New,23.49,Null,
false,Cinnamoroll My Melody Kuromi Vacuum Cup Water Bottle Straw Cup Kids Gift 460ML,https://www.ebay.com/itm/404228758824?hash=item5e1de95d28:g:jwoAAOSwMsZjZ8Ud&amdata=enc%3AAQAIAAAA4H9Q323McS3qyZZH5emAmrEsQx22pxLP%2BvosXpp07ly90QJcLWRFeTUxuadZbNgZL6gwF1PruiOjgHhkRkbUgMI5UvegV4BSo6GbdKyaKkWuqsOl1P9027WPXfhxFc4XLti7jzTBUEkazRAgxfrDlG%2F%2BcnfkyAX4UhtniztSO6KW1ufdBYL9MC6iioXCb3kMNqKfWNeADpxgLhKRiLTkPxC1qlUt4iKxwM%2BrT7D9svqj8v2tbfiCdioi7NGzkAepLiaExc6BZbVyByphU6JmYHn0%2FTR7Sc2eeNQDFKxcJqVp%7Ctkp%3ABk9SR7zEgM77YQ,https://i.ebayimg.com/thumbs/images/g/jwoAAOSwMsZjZ8Ud/s-l225.jpg,Brand New,26.59,17.99
false,New 1pc Sport Water Bottle Cover Mesh Cup Pouch Phone Bag Cup Sleeve With B,https://www.ebay.com/itm/155528309244?hash=item243635a9fc:g:tUIAAOSwRyFkTG2y&amdata=enc%3AAQAIAAAA4ClbAEwRUegE9zm1sFrNCsBHSBm9RBl%2B4mPDu0OClEsuz%2B%2Btw6rtRyE8Gr4pzWzEDO2RlEBX59jXdrT9AZ69O3Ecl6mHOvix7Dvuk2Jt8%2Fwnd6yQgjbwPk9eokgUOvjJ29qiOJQgohhvT%2BvvG%2B0nKTZ4MCcVEmZ3aNtB6Z1QJ%2B%2FOQaoYXx5mNArhaWco91db3uQCDqMgtJHZgMAql1GTmieujSh3x%2FvyKv9OF%2BPqxdUb32wZWnwdQi51H5%2FrNnibnUWDkPmDeO%2BrkNDzb7hYMowd8dlxt5LXd0itlUhDvufp%7Ctkp%3ABk9SR-bX_837YQ,https://i.ebayimg.com/thumbs/images/g/tUIAAOSwRyFkTG2y/s-l225.jpg,Brand New,7.19,Null,
false,"Fruit infusion Water Bottle | BPA Free, Tritan Plastic, non-toxic, Blue",https://www.ebay.com/itm/113814463562?hash=item1a7fdee44a:g:vyQAAOSw66JcQf2z&amdata=enc%3AAQAIAAAA4DVhmvJpIyiMPihVv6Ft6Ujp6FdAXw%2BbsKypeSVPIucLtIlhsVLSiIMnrZUj%2FqMxBq3M0ypgerJ%2B9IWm%2BDmz7%2FaVWMo4Kr7QFY6gl%2FDf%2B5C8Kip2WWMoJDsjCk89INRUODVaQxEUpj%2FfwKYNf3sijiaJZjAQJsB1GbjQpIsauSmuC2N8wahdGRJ%2Bg0Q6ENjVluf4vb0vemUrRMuygLCRuzrI%2Fo7oniiKmKCJ%2F27r%2BktlQjUewVQUTtf8WMKHSezgQmRQAD9BILL5oNj1r0PXgm7lxJgltmiZmNaOXHDzITjy%7Ctkp%3ABk9SR9iTgM77YQ,https://i.ebayimg.com/thumbs/images/g/vyQAAOSw66JcQf2z/s-l225.jpg,Brand New,7.5,24.18
false,"Replacement Water Faucet Spigot Dispenser 3/4"" Valve Bottle Jug Crock Colors New",https://www.ebay.com/itm/172427989349?hash=item2825825165:g:uYoAAOSwiONYP1KN&amdata=enc%3AAQAIAAAA4AzhTKtjGgCi%2BkMxbzXjzSXgI5uZpy1juXw7h%2BfdQshvXXba0mTid27mFBpRmnp9npUu0BUlqQxSCsjj0Any2r6A8u7xvbkaPOK%2B16A%2FJ4wUfxehUagUl1JDbptG3e9NTX9WPjZ2xy7q0ijCOcvcsX%2B65MmRqTYmStuuElfRD5EAML63IYCcXjxyiTIAPi7icJgVRotapiSIhzUqy5mkyUAGXjXMYZN6nFnRmKLiU4luGyiAObTPr%2FNRZi6GpZDfeLbHUr5p3oGIcEFchFopTKLugdwxlCj9w1G3ph3ddApx%7Ctkp%3ABFBM8Kv9zfth,https://i.ebayimg.com/thumbs/images/g/uYoAAOSwiONYP1KN/s-l225.jpg,Brand New,6.49,21.9
false,Tipsi Digital Fingerprint Insulation Lock Safety Water Bottle Stainless SteelÂ ,https://www.ebay.com/itm/165700296962?hash=item269481e102:g:SPcAAOSw~p5jNjaP&amdata=enc%3AAQAIAAAA4PQzdGdPN7sCksUAV1sQjPo58SnHrTHc0yz0PUH5WasUIQFDJdGJVNm5U74yjS1YPDrqjA19lnKxl5CpIvXcDkKEZv5GXUR9sGbhUjahNqk6SMJ%2FORIJnJkRccSk1UwmZDUFz05sLPlW4JufFXDo33jVT%2FtIQ%2FRiie03X5jV%2BcGcNHoN1eCX5HP64XZrzpkebsKqVdgZfZoglfLW5Q1ldoz%2Fg3NusRaell2aLn69zNHqWpuoXq3xjaMdmTIr%2B1ICA%2F2NbyjvKJmOUpdAfb2vQSuxOMkeDR37V1l0vs8wKYAj%7Ctkp%3ABFBMotz-zfth,https://i.ebayimg.com/thumbs/images/g/SPcAAOSw~p5jNjaP/s-l225.jpg,Brand New,40,13
false,Monster Energy Hydro Specialized 21 Oz Sport Water Bottle 2 PACK Bike Hike Run,https://www.ebay.com/itm/154511684688?hash=item23f99d3450:g:TIIAAOSwRztg2zYz&amdata=enc%3AAQAIAAAA4C4W2Ze88loRYo8e986fN5SxI9StdzvI7alti9bb4XoUomSJ0Ak6wzPkAzP07ujCiTYXzHJn7anrwVeTi8GTUHzt07FaTwKCTNSGxX5cVxS916vFM%2FONobvHDXNykTIKnnYCkt0xVASi%2BFHMmVnM7GJ5ETGrborw6iGQmN25pxQ7rI7M5PYJ05NwhIYQ1xfR1g2AMx%2F3SQxqmh5G5kqdUYQG8ocvOzlkfqZ47TXYwhc3BtE%2BkIHub8P%2B6AKBWwy9PmlnaeCWz8awAimjrTUwR%2BcF%2Fjy1HQyDRmbZtCTMiN7P%7Ctkp%3ABk9SR-bX_837YQ,https://i.ebayimg.com/thumbs/images/g/TIIAAOSwRztg2zYz/s-l225.jpg,New (Other),18.95,24.36
false,Portable Neoprene Hot Water Bottle Sleeve Strap Sport Bottle Insulated Bag 500ml,https://www.ebay.com/itm/204314018562?hash=item2f92108302:g:DzAAAOSwQypkRPO3&amdata=enc%3AAQAIAAAA4Jq3fWWu%2F08WuPfRLTq2f4Srl683A9eEgfjMlCVJfHOJlhqwNQ8SKOI8%2BosH664BwJeOMo%2BhTCMPLFLt%2B%2FQYsGcEGAOGvNa8jluyoXabOrnMQrkvz7JxWClqm%2FVKZHepVQ7eQRw3eULvkeQhWJLKCoEdDNo1pw5wehTWFCgFhiuofBL8gy%2FPurwOaEjfoIAjcfCCxadtsUWZw7r48tWmigfQZTQfB%2BAG0GnXgPW0dRiA%2Ba09sVgeLLjxUZORknt5fussw2zVHadvDPQ%2FFdJ4M511TrfNm2hyVmP4kehq%2BKpR%7Ctkp%3ABFBMhOr8zfth,https://i.ebayimg.com/thumbs/images/g/DzAAAOSwQypkRPO3/s-l225.jpg,Brand New,1.79,Null,
false,2022Tactical Military Nylon Water Bottle Bag Molle Kettle Waist Waist  Pouch Bag,https://www.ebay.com/itm/155309178136?hash=item242925fd18:g:2XIAAOSwf25iTpOY&amdata=enc%3AAQAIAAAA4LJNUXp%2BHXOxC8DzJSDQWL9FJelQvoejb%2BGlQBOnE%2F%2FVvDTrhrrOehpaib3FGOT0O8vDJjQOCGnsSKIrOysyOIYXROxhT13lS8wDNG9hEqG3dJ%2FsIso2DoyVOgCj5z6UIaTOjWqsu1G4K%2B%2B4ZuRtN4r4KGpXUxre6bVp3LyLViLXrGBY2Jo2YPdKwGOB01I%2FZ5piHcBodOV465e4pnuCpQZ56%2FJzWJe0TYUpoZMotbym89Rk1ps2ZvBZkUAM3VhdFMYEkWhevdXmM%2BB1B0xMs1TMK0oi3aSZ42nGT42Clr9U%7Ctkp%3ABFBMvMSAzvth,https://i.ebayimg.com/thumbs/images/g/2XIAAOSwf25iTpOY/s-l225.jpg,Brand New,30.02,Null,
false,"Bikehaus Specialized Purist Water Bottle, Bauhaus art, Watergate Cap, 22 oz",https://www.ebay.com/itm/284291470048?hash=item42311792e0:g:Cc8AAOSwC4Jf09M1&amdata=enc%3AAQAIAAAAwAy5aKnBlRJXmg3bVbkJu7h0OHT0bLxsHSIOlpWrcCbzmL1JHM5V7hqhXgj9REgLTRV5SnlwUIL8i2XGZZEb5ILFNs6CWuzJUMTUDVh5UwtfC2gi8h6G%2FM3GwR7c2niGXEdZHRAuepVX38aT53byI9xAS4kb8%2F72see%2BP5VvSRBk3HMRTofnVPWERXQjbL2uppDiGf%2B8MXBLoxkSfXhD8R6Xcc0I4HdmnvLVykJLwIUqh2Rm89NeAjGhBbobfHO6zw%3D%3D%7Ctkp%3ABk9SR9qTgM77YQ,https://i.ebayimg.com/thumbs/images/g/Cc8AAOSwC4Jf09M1/s-l225.jpg,Brand New,13,53.1
false,Sports Water Bottle Leakproof High Temperature Resistance Bike Water Bottles,https://www.ebay.com/itm/255839040226?hash=item3b9131f2e2:g:vywAAOSw~DJje2GG&amdata=enc%3AAQAIAAAAwHshVH7lW%2Bp6oU029EVNwkAn5bhsXEnoCzDJPvZc9fS7hT7YEQXMHHlRJbkBBz3yCfGI695l%2FKZ9NPT6QxRjgnDTOYlBhirY6r6bFeXgQcY5RIh04Rr%2BFMeOPdnxpcoLk3ngw8chuNK1ZYJv9LWvP2WJ%2BEvFQdIKXGnuUwGhBab3orUaN1fp5iQakKDLqrPBi8ToWGj%2FXuRi0FbRRrxLOBYIJQHYeNazYi%2BkutRnn%2B6Cwmmme1yia1LZwciY8ydCpA%3D%3D%7Ctkp%3ABk9SR7jEgM77YQ,https://i.ebayimg.com/thumbs/images/g/vywAAOSw~DJje2GG/s-l225.jpg,Brand New,9.68,0.49
true,Backpack Shoulder Strap Water Bottle Holder,https://www.ebay.com/itm/285264165239?hash=item426b11b977:g:hToAAOSw05JkULci&amdata=enc%3AAQAIAAAAwE%2BOL4drTGnQzY1sthS3kG%2B0%2FLfDXWrakFhnAVkJdXKOgx7GiZ1thJHUpm%2F5taQGIuvrQVYBTdzaYVkUOeF4sR%2B6b1G%2BHKTxUZ0vrNUwUrVvyTMaBA0kB4Ixd%2BVKcSvM15Lp7OUQETm0ITW3C7k%2F7DCe0joGYVuNvxGLxiBqDdOyRm95zkmeWn3JfKqiqwcfhEf3MZrwV4MvmSsxj0u8uz1mavNE9w7JoyC3PSjOAjGu31pec90TQK2XbzhgOvH6mA%3D%3D%7Ctkp%3ABk9SR9qTgM77YQ,https://i.ebayimg.com/thumbs/images/g/hToAAOSw05JkULci/s-l225.jpg,Brand New,33.83,24.58
false,ATV Cup Holder Handlebar Drink Basket Bottle for Motorcycle Sportsman Outlander,https://www.ebay.com/itm/115265475162?hash=item1ad65b925a:g:Q68AAOSwe2Nh8frP&amdata=enc%3AAQAIAAAAwCF5%2F4r0x6iZQsl%2BfzEa38KO2T%2BtDa29RM9ND1g4IxWHCNbJqyYMHIjsjr8wtXYlNpiVwLPjvvi6KvDBQkHweiL9sQ3YC1%2Bk0vgnpl3sBn7fzAT4s5gpVwFKBGbB8%2BCePaPSGdmvpL9fRDWPc%2B8uCMQsDRBqcuLW6Luam9o47fTeLfhZDo9BCfxFNuBkviY9EzV0%2FlKkJxV%2BHmwMByNYEIjJW0JrjBqTQ%2ByXtoVPo5es0xKVShP%2BLHSuGbWuQsLeTA%3D%3D%7Ctkp%3ABk9SR8SV_837YQ,https://i.ebayimg.com/thumbs/images/g/Q68AAOSwe2Nh8frP/s-l225.jpg,Brand New,22.49,53.24
false,Tactical Molle Water Bottle Pouch Military Water Kettle Bag Bottle Water Holder,https://www.ebay.com/itm/114946624423?hash=item1ac35a4ba7:g:mvYAAOSwkXJkGXQU&amdata=enc%3AAQAIAAAA4NJkK2kvigLRnvinE7BJT2qkC5uo%2BT6PKA1NLf9%2BGYlvCp0bXpNdegOYUs9yjYUFqytyAEnHkBW%2Bgwih4OKe%2FSFsLnpQm0Ixa2KEKbdgHlUasQTsxdRMTGhAPjJ3GmzLZn990%2BSgqmLktc2bb51%2BZfaW%2FFb4G%2F1zOAx7%2BS4horpJvoSVtbeoitE8RD%2BuYrj5rcXVjBvAn0FAVaoaxnpg1ukHQmXVdNVNln8AXZrj7KXk9YKDBNvWuFF9ucTSt4TZ3XsCPwEnqHHYuL%2Bn0kfL1SARF39NDOVehd2zFYDw4PRW%7Ctkp%3ABk9SR66h_s37YQ,https://i.ebayimg.com/thumbs/images/g/mvYAAOSwkXJkGXQU/s-l225.jpg,Brand New,6.99,26.15
false,E-Senior Collapsible Water Bottle BPA Free - Foldable Water Bottle for Travel Sp,https://www.ebay.com/itm/256010334369?hash=item3b9b67b0a1:g:B74AAOSwZCdkD~WI&amdata=enc%3AAQAIAAAAwGmb17AhKyPl38PtXEhjxf68%2BhxvrVQpyXZHYzr%2B1%2BZpagurSZE5i5sHr8O4BCWal5u3GXoMX%2FTInYYNQqE9vlvavhD1pXz9qnvs3lTQvyUZJzY4WPuC1Z5wU5PemKk1AdEfwnbmqrNdSYDQhGA6qvIqGSI6f3%2FPjhdTQ%2Bs8VgbPZCBpYLRxU%2BM4VfCIO6W5Y22F49WnsHyaNfh%2Bw8IZ5Iju6OboJGE7r7vxf77EdFZQC2hh2tfA2yHPoAl%2FNmDD2g%3D%3D%7Ctkp%3ABk9SR7yV_837YQ,https://i.ebayimg.com/thumbs/images/g/B74AAOSwZCdkD~WI/s-l225.jpg,Brand New,15.89,24.31
false,Gatorade GX Hydration Squeeze Bottle - 30oz - Multicolor - VARIATIONS TO CHOOSE,https://www.ebay.com/itm/266214771924?hash=item3dfba30cd4:g:0yoAAOSwGpNkNhYK&amdata=enc%3AAQAIAAAAwBrCJjTQhG47AZUiCkbg%2BsXOULpeGVV63IrdgMpmYM%2B2UUjNPj4ALmL8Cx3DIKUnzy5DSvDUx3Ou7GdFD3b%2Fg4THbK%2FTK0UzehemBgPEHWRAG%2Fzh%2Fh%2F%2B2IKbTlDj3tVw1blDm8rZPHDB0i8GmpKEcSVpC7%2F03Q%2Ft64TwT3jJ%2BTSL8QRlJj6wDZJ4uMoPeXOyVAHLb9bg63oGh7KHUoHPvBm%2BUcW1KespeXvnZ4rnZ8DRVyBUuA5fDg8Zz0BuXi7fNw%3D%3D%7Ctkp%3ABk9SR6K4_M37YQ,https://i.ebayimg.com/thumbs/images/g/0yoAAOSwGpNkNhYK/s-l225.jpg,New (Other),22.5,24.19
false,GUCCI Water Bottle FAKE Black in Box 13710,https://www.ebay.com/itm/285058554158?hash=item425ed0592e:g:sSsAAOSwSMJjiBz-&amdata=enc%3AAQAIAAAA4GYBTDuTtK9HZepxjMm84PGqZbHKhqXc57MERIOtor8UANoT9dbbKWbLgexETJdhNSMh860IDqJy%2BA1UCePMY0pzQ8oK1oP75g8YpSUTUvDXe1JlxCwvE1B0NMxF6yuioKiICQmyhuh%2B1iE4nyKcjK%2BOs9%2FCW9q8R3kpVgwKECJWvfpd6rO%2FhyxVE5HPKG72hhoNsOcz9IcUm7gDwfyeY1OGiOyY7ZdJBKBnlwGla4q8KA7jjJ1mKtRvvjb1N9u1yn%2BIkSr1MBN%2B2YoGpU58RYLvnxZaEqGAbFnN6uFJgfGQ%7Ctkp%3ABk9SR8CV_837YQ,https://i.ebayimg.com/thumbs/images/g/sSsAAOSwSMJjiBz-/s-l225.jpg,Brand New,169,10
false,16g NEW Carbon Fiber Road Bike Cycling MTB Water Bottle Holder Holding Rack Cage,https://www.ebay.com/itm/225105007636?hash=item34694dd414:g:Dg8AAOSw7J5i7IDt&amdata=enc%3AAQAIAAAA4HCAgB3jLpwXIXaCCCDst4WWAsBITRegaETUv8Nzl57c0egMwXZE1XClojrgKcyGQzQQc4%2B2BByoi0bjFYMGYSCE4v6rFRB6yK7MgGZ%2F%2BgOVXdWn4X%2FXT8dtXccozNLTGKuSlhbniGr52o%2FHFmsCnc%2BaXKPe8XotlMXk8RB8JvfzqGVU5NSk%2BssXGHxQxy%2BwsAZHXhuTWPm2xdCyCtGpnbOwIJS4PhlHQMYeSdOvBSMw0l7rXc4gL5hquEn5ZLwg3A5%2F3um%2FuWTDnB0Y60G1yn%2FuWzjB6IbgeCmueYq%2B5mPM%7Ctkp%3ABFBMwpX_zfth,https://i.ebayimg.com/thumbs/images/g/Dg8AAOSw7J5i7IDt/s-l225.jpg,Brand New,28.5,Null,
false,Water Bottle Carrier Bag Mesh Holder Adjustable Shoulder Strap for Hiking,https://www.ebay.com/itm/385573189141?hash=item59c5f3f615:g:3VAAAOSw5mtjF1H0&amdata=enc%3AAQAIAAAAwIl3TRV%2B%2BFW5Wg7UZTi7g%2FbUgiQLEGfYaBZfI7HOpAVh3POTOwj1aHZz0T2%2F9hhK96N11j7QnCZeLIwCMTeg3ALo%2FtUR6P55X2j5WqhPI1d2vKxMP39trrvTuT3hfwqns4JWD4GRAWCp3P5xemz2cJl1GLhOB0W9mY%2FIPvKRIX%2BY33kvAcep5hTkemGA7AQZRtrmIKkGM%2BBRN%2B31yPTGc0WBVfqpWy%2B0luuYBFbPyiQYt8DMxgSgvyQplh%2FbssK3KA%3D%3D%7Ctkp%3ABk9SR6Tc_s37YQ,https://i.ebayimg.com/thumbs/images/g/3VAAAOSw5mtjF1H0/s-l225.jpg,Brand New,7.29,Null,
false,DODICI Full Carbon Bike Water Bottle Cage MTB Road Bike Holder Bottle Rack 18g,https://www.ebay.com/itm/175701924763?hash=item28e8a69b9b:g:QtoAAOSw4dBkR4yO&amdata=enc%3AAQAIAAAA4NXVNH2Lpo92sy3%2FMZ0Or%2FOY2E7qLkceTNmXdh3UkMAAevRM1mroMYkY9QHGk6%2FooKYF4Z9zH%2FrUcnZs%2FSK%2Bu9CXcqX5eZdKv6ugsdebwFgmZ%2Ff6Xpk3c%2BeyMD1fvcfJKWIjmSqDvQv9VUFA1RCZKGZVi4M54VMELf7diEecvO%2BK%2BqPkM%2BFkaWr6ZWWwswWuwuzEUa6d2eTxRt7DscY5R19zC9qzAxfvmmgZqOUgulmTNqvM5i4VnotIicqGoQ68TN5wzCFV94G7fOgE86aO2MCotUQ7uaq8tFVS6bU5zHE4%7Ctkp%3ABFBM3JOAzvth,https://i.ebayimg.com/thumbs/images/g/QtoAAOSw4dBkR4yO/s-l225.jpg,Brand New,23.03,Null,
false,Bike Bycicle Water Bottle Mtb Sports Drinking Kettle Outdoor Cycling W Lid Bpa,https://www.ebay.com/itm/202633556915?hash=item2f2de6b3b3:g:pK0AAOSwcchclm8T&amdata=enc%3AAQAIAAAAwNTNOQun4O4OeEtu1UxygAd9EjXJZcZman3wsnKJoXr2RapMJ%2BLf8GQRW3HzWbQCCpAk8cgO9VBJrB%2FBJ2Gq8VZPaEKeoO%2Fx2OsNPG7UkyGxqGbodWiOW5%2BvgtwmoUQXz%2FimxuhUl36l9UvdR9wcTlKZJ7rqsOpLit4F9Sxk83%2Fyh%2B04OU%2FCoF1o2wXY%2FkgOEHXq3JMoKqXSe40aVojGQZVLPEo9wUiXtG%2FLpOEkEZE7wiHrvPMeK%2F0V8AZQScXBbA%3D%3D%7Ctkp%3ABk9SR66h_s37YQ,https://i.ebayimg.com/thumbs/images/g/pK0AAOSwcchclm8T/s-l225.jpg,Brand New,25.99,Null,
false,500ml Square Plastic Cup Water Bottle Sports Fitness Travel Portable Unisex,https://www.ebay.com/itm/143927865733?hash=item2182c4f185:g:f8kAAOSwZ51gDoNZ&amdata=enc%3AAQAIAAAAwCk27vuckjbBV1b185nWgnvpDjM5Ww2inv6sGbgGzxUn0uwDr4jZI7HahHRoCAs6%2BOAvWiMObbTaq%2BQ%2FmMPKWuv6BeeL8nSiMfnJoD2JIn0F%2Fevk3tjNNuDNhK1kcImgk4fAyJzBh5lm1JK44Q6Kt8HUcLQir3Pd6ao2pQoqDgxEnA3Ko2mjf9lF1hnaNXtsgaDY9p7Qkgn0cZbwyuQ7fHGi3pavnFP6QEN8LbUF8OFDSNwKMXHZJujwSuOj1yUi2A%3D%3D%7Ctkp%3ABk9SR6Lc_s37YQ,https://i.ebayimg.com/thumbs/images/g/f8kAAOSwZ51gDoNZ/s-l225.jpg,Brand New,6.8,1.99
true,Cute Water Bottle Bear Cup Kawaii Water Bottle Straw Strap Drink Tumbler+,https://www.ebay.com/itm/115789907289?hash=item1af59dc559:g:CEYAAOSwI-JkJpaU&amdata=enc%3AAQAIAAAAwI5BTYnsRIoIHlZCeSiT%2FraOYbTXCIZ9848UQM22FMu683ymqC4%2F8ecCUaxvFYmuBf2EtlQMFQNnLi01ixbWGbrWejf2i%2FcWY0Z096t54Z8YyXEVBu6zIls7aZSHAgz80KTKTka%2FtIbeSChwU5F%2F91b2TWWdJxGhh3rdgi2mz40LlUuU83dOFFIkGfuEhJPyGYw%2FW6Br1i%2F9j9LpmOT0tBUvhy09iihuw4UAWmvYa2jnt%2FQTkrZkYRpynYOdce3W1Q%3D%3D%7Ctkp%3ABk9SR9qTgM77YQ,https://i.ebayimg.com/thumbs/images/g/CEYAAOSwI-JkJpaU/s-l225.jpg,Brand New,11.12,Null,
false,Portable Silicone  Water Bottle 500ml Foldable Collapsible Drink Sports Hiking,https://www.ebay.com/itm/125670885452?hash=item1d4291884c:g:k3QAAOSww7Zjn86o&amdata=enc%3AAQAIAAAA4GytT%2BLoY%2FlyXamt0smInzZIn6VLiLC4%2FU4djYcDtfMIMKPDF3wS63I0aNCJVRttfGBfyzuLF10rdULDyJNFR2Kb8R358l%2BdaLCncZsSB2jR7Pvta5HAVTwcMekYokEGoplN%2BVaRd8brZSjNR3s1KNkYVYV%2BuvCYlNVSMSsiFzK020pIqXsrWd3MlGl0NfvkWZc%2FzHAZ9RqEhWeIVg2TnHWzISC1loJTFm9Qw%2FYNdH1wd1k6GBRXClLbzz9GRRxrkXqypcltkawxUfiS17i5Aq%2Bridk4OqXgaaeNMyhFue9n%7Ctkp%3ABk9SR6qh_s37YQ,https://i.ebayimg.com/thumbs/images/g/k3QAAOSww7Zjn86o/s-l225.jpg,Brand New,9.99,24.22
true,Hiking Camping Water Bottle Holder Belt Carrier Pouch Bag Nylon],https://www.ebay.com/itm/175710366720?hash=item28e9276c00:g:JiEAAOSwrbRkK9Mq&amdata=enc%3AAQAIAAAA4AWF%2FG49leTyIEdTdhks8zYyBMuAgqKVMfLiW0saK2UV7KfQzG2IWrRvQ7gHotvE5BbUNyqYiCQ6JdDvjjz129wnpoksD5FF2LsdFvf2BorL2b%2Bs1FA27AB%2F%2FxhgCBsWmXq8Atk3jebXF%2F950egGecSijqBvHDK8dxu0UCUf%2B8mb%2B1B7rToJCNGAUdu0EzyImbRagoaueUisZ1CrI3u7RKSL6704xR6V2nQa5M8NiD5C3BVx1AgW%2FLN0sQuIHDNE7iWbnPVwBbu%2FdD57tMxmXVW6xhIi8wEk7VRcYqCTbg6H%7Ctkp%3ABk9SR66h_s37YQ,https://i.ebayimg.com/thumbs/images/g/JiEAAOSwrbRkK9Mq/s-l225.jpg,Brand New,6.36,Null,
false,1 Gallon Water Jug Huge Water Bottle With Straw BPA Free 128Oz Leak Proof Big $,https://www.ebay.com/itm/404222387651?hash=item5e1d8825c3:g:t6YAAOSwOIBkJICK&amdata=enc%3AAQAIAAAA4Pn8%2BZwMYMD%2FNVU5fOjfNGfsJiFc%2BsCyzKVpjhacGlZm3V3VsrBm0mDZ9VY9DInQjVIlRD34XpKMTqDbr4Fm5Jt2U3v1nC6BjBL9JQnxXz3nQuPKA%2FJN9Gjm6ribfYrCUDeFLCk2U43lcnFzPv6I0hdrGP2oHQChJxEE07sHy%2B%2FBzeDd6q9gTmnSmczpoN4JiuKhcBw5CZbYjfKl6oWvDZ5GtPhpAlwuShr8LfI3W9%2FSCrds7zBxdETT2jxkchEO5TTOykjo5mUGODIsHqHgpgoB%2ByaXb1W19M6px6mDdmUd%7Ctkp%3ABk9SR8aV_837YQ,https://i.ebayimg.com/thumbs/images/g/t6YAAOSwOIBkJICK/s-l225.jpg,Brand New,27.95,13.5
false,Strong Carbon Fiber Road Bike Cycling MTB Water Bottle Holder Holding Rack Cage,https://www.ebay.com/itm/225060562797?hash=item3466a7a76d:g:SrsAAOSw7cZiw7P4&amdata=enc%3AAQAIAAAA4IuD%2BQu9dtuoXy6FyzKilXa25t7faEY2QlRkXTAaMeHUlfMmrY%2Fn%2Fwend6FrceQg9H9xvaH%2BRKJjfqxHtjtBwrKI7xVDz6OrBmmLmN%2FONrXFhZbSDqddyJpyJtEz9eZ4wkNvkB%2Brmre1lmMIx7KVl7gGXs1cqR8h2n83K93%2Ba%2FLyHF5%2BJoCII3%2FM%2FY2bCXBuupR%2FJvoJA%2BYR3mArqqEZNh0%2B7tgdwRJPd3V10zaRRihBRlmKYqJCWq3ZIAagvurmxkh5Ck5HWkLSXyZG6esdU113rvoCrTAFIQHXjpUb3wib%7Ctkp%3ABFBMpNz-zfth,https://i.ebayimg.com/thumbs/images/g/SrsAAOSw7cZiw7P4/s-l225.jpg,Brand New,26.48,Null,
false,Leakproof 64 Oz Sports Water Bottle Half Gallon With Straw Yellow Green,https://www.ebay.com/itm/225156953500?hash=item346c66759c:g:a7QAAOSwBtpjHAOm&amdata=enc%3AAQAIAAAA4G31e8LLjE8mwOP%2FHS0vfHwIHYQGHD6DLExoH%2B22NOVG51lwe8RGs%2ByJFUSP8%2B%2B5q8%2F5ctR7KeWdgV70bSY6pztZAytrXkVbWW8zBjd%2BZf5OZVi7wZxGmo1AOUaLO6X2hYvO01lFu0dQ7CMMWMpJQ8NXDzPR1k76Hbfq%2Ff7ZGa1uvELxt7In%2Bxj920KA1aWHAG96JoclocETZW7LGjqcQun%2BNeq7U%2BsUKWoxpy8X5%2Bn9yCep0%2Ffnde1qxH40cdyF9YTpea2j%2Ft5gWdP8GQzi%2B5%2FrD6dHZe3%2BjaYwcl85DPMc%7Ctkp%3ABk9SR7rEgM77YQ,https://i.ebayimg.com/thumbs/images/g/a7QAAOSwBtpjHAOm/s-l225.jpg,Brand New,13,24.27
false,2 Liters Water Bottle Motivational Drinking Bottle Sports Water   Time Marker,https://www.ebay.com/itm/155291239587?hash=item24281444a3:g:NwUAAOSwZ3hjjIby&amdata=enc%3AAQAIAAAAwPwcNoHV5HUT7jk0fD6Ma94Eq1LuBSM4LYjt1shrmuPQS1WLHzue%2F8gd5eMp0RnaFEwe7LGjYpwh5v5ZgxnlSfbYXID%2B%2BPMFYhyliDs7H%2B2Gyl0Zyct17zZuG3Pd6tgcXeDnPJaJFBR6rLf0AgmR9wia340W3Kxb%2B5QEFpdG0PLT8nRr0unoDPXFme2i3d6lSpZQxoYv%2FAqTAyXH76gGZFh8CF77ylf7qz1WlC4%2BLqsgLXkqF%2BGJD6E1%2FFippNpfFg%3D%3D%7Ctkp%3ABk9SR7zEgM77YQ,https://i.ebayimg.com/thumbs/images/g/NwUAAOSwZ3hjjIby/s-l225.jpg,Brand New,19.91,Null,
false,Pure Copper Water Bottle Leak Proof Hammered With Handle 900 ML Ayurveda Bottle,https://www.ebay.com/itm/404012330828?hash=item5e1102ef4c:g:ftgAAOSweU9j~Zr7&amdata=enc%3AAQAIAAAA4NEToyyUVc0RfXHlQ%2FVvYOHKjg9%2Fwx0JexhqK3JabuciF6vPCJtcKjx027qwFWoSYPxO9WJ8tcImYxf5It39ASMr03bWZNimw1vR%2F6T3oI1Y%2BDDSjPoekqajBGrCRNRvYBNwUnSsj3krE2eK9IgJpaOayqT1qsFYiB6dT1pARc16m7oc1bqLtFEarG1hXcMYQ2g%2BmYAvONphTnuOqGLC8ftgZBeLDITHXG9y1MZ4%2FO6zCa%2B0FKUhqi3JhaSgbOhau1WcHHSz%2B1AuNSWpJxd%2FAGR0PPplvtfAhchpF8qP5%2BIv%7Ctkp%3ABFBMhur8zfth,https://i.ebayimg.com/thumbs/images/g/ftgAAOSweU9j~Zr7/s-l225.jpg,Brand New,23.99,Null,
false,Cannondale Block Gripper Bottle Clear + Black 600ml CP5200U0160,https://www.ebay.com/itm/373903001773?epid=9035722965&hash=item570e5b08ad:g:WksAAOSwlBFh8HFx&amdata=enc%3AAQAIAAAA4Kq7Fei9XNRR8%2BzCfkJQuO1s8lznyYxD7t9g8F4dFPfnVY3V%2B8njKnzTRw5flxKHf%2BWSzIiWbqA5QIOIBNKAGFUjAKVOfgwaH5ADlg%2ByquTKvTNEnbR7%2BD6rUB1myR9jQmE6SUkB8ACKaUPT9PGw90Ux9AFo%2BRRX0D88h8BuOE3LwVAU5d8S6i1kHDngYg1k5nlugFOXgmJRe%2Bg11kn%2FCGRThdy6EfDTLxVtYhqw9todTDQvL3E3feOWYkL1vAHgz%2FJC0hAnDI49Sp2Fc9Jw%2FHGsdD1IM1Q24TkCGM27aLjE%7Ctkp%3ABk9SR8aV_837YQ,https://i.ebayimg.com/thumbs/images/g/WksAAOSwlBFh8HFx/s-l225.jpg,Brand New,9.45,24.21
false,Black Tactical Carabiner Clip Water Drink Bottle Holder Hook For Waist Belt,https://www.ebay.com/itm/153764979668?hash=item23cd1b63d4:g:2WAAAOSw0TBcEZ~S&amdata=enc%3AAQAIAAAA4J8VHWgsrgE3yCiembUdGv%2FBX%2BuKn9RynLyxnFiE9wbvohqJ4y8bZKOryocpJPK7WiAz7z7AM1TRgUZfXOoUo8DbYo0B7WnHOpmBCXWw4ul3YWXnR2nFT0xD99p98x%2FQsbbHrEkZ2cFl%2B4bEZBV5IaII%2FiQxSg8aQxsCkXwA%2BX1MTCZdgQSlAdpzmUftI8cjx9eqpS%2BucB7ExRS6c9HiHF04lSBF6xji08pbpPQU9yD7yfTggyWn2UVMJBlkDsrcXG%2BSFGXWNEqnEeX082I9tCkinhBwPOHvNSbWt%2BPLX8t5%7Ctkp%3ABk9SR6ih_s37YQ,https://i.ebayimg.com/thumbs/images/g/2WAAAOSw0TBcEZ~S/s-l225.jpg,Brand New,7.94,6.48
false,1000ML Water Bottle Time Marker Motivational Sports Gym Training Water Bottle,https://www.ebay.com/itm/144460780880?hash=item21a2889550:g:ZNgAAOSwgKtiLuWl&amdata=enc%3AAQAIAAAAwJxdiKBUcSLbFkTxzacAvaAbNBoPJfWQ5TmZj8uSyRxNh6ge8ErEs7MSpk%2BWBoconGCt%2Bjnr3h76nI%2FtIBxXkSje6ImxrSjhw4qEZA%2BQfldnrEQDTkXrk5z9AoyAP%2F1AbyYI6Xcdx87p%2FUVcdQL4fI5Bgzsv9w6DvJ2cVcl1N5bateEZSRPW7cJe2nsa97Yt%2FgpxgMz48jQ9yZDk6oKLLKw0xunG%2FCH5bbkcV07afBuGAtr4v%2BhHbh6V%2Bdw1Bo4crQ%3D%3D%7Ctkp%3ABk9SR7zEgM77YQ,https://i.ebayimg.com/thumbs/images/g/ZNgAAOSwgKtiLuWl/s-l225.jpg,Brand New,13.69,Null,
false,Peloton 16 oz Glass Water Bottle With Black Non-Slip Silicone Sleeve Non Slip,https://www.ebay.com/itm/364078158306?hash=item54c4bfd1e2:g:WSwAAOSwxkdjl8w2&amdata=enc%3AAQAIAAAAwK0VQcE%2Bm5QaIpnG0X9uqHv6H9qBkPTIaMhI0KYVwOIadzmJxWQKWFTZ2KabZlqE1AmdnAqGTPY2J1pUysTv9CJ6xqxD8L5cGlXTl76EM6Cz%2BahrrGTuiwn2BMr2R20fE5Ae2WeIsHuOj1mj6rOxQzlg4TPAF6ZOTmxAOeNRZ3n84%2FRSj3MoO1kJrF2nQZmW9WT1liR48oYV4meN0PmlrRmSSz6B0HZF8D5xyvBcb%2FPtMBdqBOuE%2F7UN4DOiTieA5w%3D%3D%7Ctkp%3ABk9SR7rEgM77YQ,https://i.ebayimg.com/thumbs/images/g/WSwAAOSwxkdjl8w2/s-l225.jpg,Brand New,11.95,24.25
false,Adjustable Shoulder Strap Water Bottle Carrier Insulated Neoprene Pouch Bag,https://www.ebay.com/itm/265717413443?hash=item3dddfdf643:g:mucAAOSw6FRhME2G&amdata=enc%3AAQAIAAAAwHXdsurJR6bl3W7J4P2lGJUyri2JerLi5KptQBEcaNRT5E3L4EkjRFXCZznn6Xh8HhTHRnwZVy1UukVfXigfZQT0mtrYWfsTh%2BUgTrHao64w4rLil2bpo8%2FtE4oTNeIUAxtbPcJRnXTCl0jjF09l5WVv%2FqWqegNT0OJcqtiBTXgz%2F73A53tmY86VF9ddvPT6taT0hsv%2B8YelV%2FyZKR6Yx3n0ZE%2BXSs%2BY47CzePljNRwMSgYXsWd0uGNnyurMWbjH6Q%3D%3D%7Ctkp%3ABk9SR9iTgM77YQ,https://i.ebayimg.com/thumbs/images/g/mucAAOSw6FRhME2G/s-l225.jpg,Brand New,7.46,Null,
false,"Ghostbusters 17 oz Single Walled, Transparent Water Bottle new",https://www.ebay.com/itm/294825894268?hash=item44a4fe217c:g:jXAAAOSwiG9iE7bl&amdata=enc%3AAQAIAAAAwMwshJWT2OnqW6IAb1DBsxSBlr%2FnhqZ%2FIHh%2BK6abW2BYwPuG%2BS0fB2JTzZExzTxqrn6uz9D2%2Bc5tPu2%2FRYA%2FwVz%2BKEhfMW9yQg9i4kPZCsN8osK3FcuLVUmAnJByvVMwh9PFQUD%2BOX2icC%2BhlK7dCDOM%2FWxtU8aIXrLFh2injW8iU0c5qQaUs%2FdIpnYWAe1rbb9nz6oRIwDe83tWHRoSXEpBSeJq5D4TyytdVPCxxG%2FC3ubuurG11a%2BPfwSGLkybzw%3D%3D%7Ctkp%3ABk9SR8aV_837YQ,https://i.ebayimg.com/thumbs/images/g/jXAAAOSwiG9iE7bl/s-l225.jpg,Brand New,11.99,24.25
false,Portable Water Bottle Insulated Sleeve Bag Cover Neoprene Case Pouch Solid,https://www.ebay.com/itm/234741093271?hash=item36a7a8d397:g:3Z0AAOSwvylbV91t&amdata=enc%3AAQAIAAAA4CDC0UWbwD%2BMRKcGUmMPgL9K%2Fvz%2FM0omllo93nW3CpddQxod2I%2FUzw%2Bvpr2qddL2sbwzWiIzQ55wsJiY7oJxYoNGuWWGHpbbUMqG%2BgiU9sD2%2FISMl83vP1I0%2FNDAjZF1ukR3risNc97V2CJoOHlmdFQYQ8Cg0rjl3pkSn%2FcEjRYg5EnH1bYHcOV%2FlJ5BToMLXyZ3fLoAAc1SlxrAgCWUuATjsk%2B5LBDpWDMXA3IRTIiCSu%2BJ2NgCSDbQ02cKMI0lkuwk9B2MYxr7s4BPchP2Iqwe6NEmtnSkhcstIvxR2yAk%7Ctkp%3ABk9SR7jEgM77YQ,https://i.ebayimg.com/thumbs/images/g/3Z0AAOSwvylbV91t/s-l225.jpg,Brand New,0.99,3.99
false,The Coldest Water Bottle Chug Lid and Shaker Lid for Wide Mouth Bottles,https://www.ebay.com/itm/175064871520?hash=item28c2adf260:g:mgAAAOSw9RZhuKDi&amdata=enc%3AAQAIAAAA4AQ%2FpeXx6vtwfQ8%2BaUCwEIawhG49mLgbW8eXP9i25ZOEZZI2RR3IMGtilhhpaWORyle1ssmSUTjQ7Fe4l5Tilyc9NI%2BiYG4NdbaO9jK4xGLmJ%2BxBKF5YSUVV3YQSBQOCI6Ltd1yeUcCopVBx6f7qqp1PRMnPv%2BhzbaBSJ0Vw9jErLH8N7%2F4NSnThTSgJ7Plq6b2q4bOn7AAjODKgCxhmDNNPQmky1%2B5ne4dWot14gBkLrfrVVmhnAsi4uPe7EhAc0L9saxPsa%2FUEh4RS0%2Bz71%2Fa02S7VhOFDnGuw0gwPnzZi%7Ctkp%3ABk9SR7qV_837YQ,https://i.ebayimg.com/thumbs/images/g/mgAAAOSw9RZhuKDi/s-l225.jpg,Brand New,14.99,24.3
false,500ml Sports Water Bottle Pe Material Spray Cooling Anti Dirty Easy Cleaning,https://www.ebay.com/itm/304899596996?hash=item46fd6ea2c4:g:DmgAAOSwfBBkP70l&amdata=enc%3AAQAIAAAAwFn6HDHjY6XZXoLedEU4WWKiDKNsZX8ixrTbV3O2EUXGTGT2LV2kqHOZpRawlnBh4k1uJPwG9%2FX6BBf6weH5zBvMUEfXl2XXr80iKF4l4Oo2d71Btt7wC54FiRYS5pZZYJ6US1863yagjOBz01P7fU69PlBKGag19syuVskckARXkpGs1PR%2Bv4aHM3moxmpLtIoyKj1Y7%2BfRknvIuCGAtBqQpv3kK2l5alQEPdPHW3IQs%2BpI211OHq84m0ReNfF3Cg%3D%3D%7Ctkp%3ABk9SR7zEgM77YQ,https://i.ebayimg.com/thumbs/images/g/DmgAAOSwfBBkP70l/s-l225.jpg,Brand New,16.42,Null,
false,Cycling Bike Water Bottle Holder Mount Handlebar Bicycle Coffee Cup Drink Holder,https://www.ebay.com/itm/144648917071?hash=item21adbf504f:g:Ab0AAOSw2hhgx5kD&amdata=enc%3AAQAIAAAAwHtgJ75MGmv0%2FKreLFL32OQnreehLiddnfVccT2YZqmtCFtLhk1s3lUFDSDoQMxV4LTJvstdmhtOLq91mzaDXVPsImO59eydGvUxOTSrSnMwfopb0uNTU3XUfldUUQlS%2B88GCVRphTlXLZXDUUno4yxnFY%2B99oU7rtUuujK1I9nJnVLHjYYT5AmZ%2Byet9MA5JzXfb%2Bc%2B2xZdMi61VNNhBvcpW7h5U6etcBOx7ixOKh2Ln351wCVxekrWwMZlD9ClPA%3D%3D%7Ctkp%3ABk9SR-jX_837YQ,https://i.ebayimg.com/thumbs/images/g/Ab0AAOSw2hhgx5kD/s-l225.jpg,Brand New,11.08,2.99
false,Pack of 2 Maxima Racing Oil Maxima SC1 Water Bottle 24oz Black/Red,https://www.ebay.com/itm/195115078442?hash=item2d6dc3d32a:g:UGAAAOSwuY1ivwOO&amdata=enc%3AAQAIAAAAwPRa39PgCaErU3lBmBiSRBkFU9sibG8%2BrCElluMrDOpt4752RLmLSZXw1DEBRYFX%2F2cOHnbUxEuOQn9ANT6VGl5AbEjcJ6OyHTdbgbdc%2BcDeL3oKRjWmKpZfIgN4Ppq84FUr36uqtGXwGIhbtV2dOhlX%2FZMDGl47xp%2BIJbw5kraDabu2P6wsiWu2g2jz3c0q22ZaievTEOxX6lHD0KACwpgwb7Tb43NXpzhzZxU5quNlMegCD0CIQPZkg%2FmHSd3qmg%3D%3D%7Ctkp%3ABk9SR7rEgM77YQ,https://i.ebayimg.com/thumbs/images/g/UGAAAOSwuY1ivwOO/s-l225.jpg,Brand New,29.17,24.51
false,"Podium Chill Insulated Water Bottle by Camelbak, 21 oz White/Black",https://www.ebay.com/itm/185781557548?hash=item2b4171992c:g:vmIAAOSw-IFj8A4E&amdata=enc%3AAQAIAAAAwHxCbETuE14H5QdocK5qYqvVP5GwGH3Wk0ZhB7G08qH3kB2N5mK%2BrU3GQAVp6Ml0b%2B6JFCAq70Z47BTxQh4BSZCT0IvqLpHsAXJ7NcoSOdEITs9XDtLa0QDxHqwlLwpaGHRRllEFc0wLS5YJQor8WKLogyi9dNLpH3%2BvHp82ECXxB3t3e%2B9dureobPQDjNOSfXlQqxp3ZV0h%2BHJ5GUgpG4h09ZfcGNSlPKZBfw%2FhNv3QtWkZ0pA081WAjxefIwLFMw%3D%3D%7Ctkp%3ABk9SR6Dc_s37YQ,https://i.ebayimg.com/thumbs/images/g/vmIAAOSw-IFj8A4E/s-l225.jpg,Brand New,18.73,4.57
false,Portable Book Paper Cup Bottle Flat Water Bottle Clear Paper Pad Water Bottle,https://www.ebay.com/itm/314085815440?hash=item4920f93490:g:wFsAAOSw7ANistKr&amdata=enc%3AAQAIAAAAwNKEhHdgiCZfT%2F9g6qdoKc0yDSslWqTt2NGunlOFEOYaTi8C11K7sAfBa9us%2BAYEQZ8e0EzV7MjMFYm8%2BmhfayDtlEd6uWcIiK097RpXO3C2RgELitVoPvlfhBH8LeutOMjJM4vFMY2drH%2BtRdo6DMtZa9sAleKO5ZykkHughJQMltTnd0AEUpp7Mg4%2F4UE%2Fus2QWvguGc2tp2MTrhiLOUhky7QHaL1TCbQIBzm6c%2FEJfgS55fR%2BdtdXULcZlrCjPw%3D%3D%7Ctkp%3ABk9SR6ah_s37YQ,https://i.ebayimg.com/thumbs/images/g/wFsAAOSw7ANistKr/s-l225.jpg,Brand New,11.12,24.23